92_14545.html,1,1,一,名詞,数,,,,,一,イチ,イチ
92_14545.html,2,1,ある,連体詞,,,,,,ある,アル,アル
92_14545.html,2,2,日,名詞,非自立,副詞可能,,,,日,ヒ,ヒ
92_14545.html,2,3,の,助詞,連体化,,,,,の,ノ,ノ
92_14545.html,2,4,事,名詞,非自立,一般,,,,事,コト,コト
92_14545.html,2,5,で,助動詞,,,,特殊・ダ,連用形,だ,デ,デ
92_14545.html,2,6,ござい,助動詞,,,,五段・ラ行特殊,連用形,ござる,ゴザイ,ゴザイ
92_14545.html,2,7,ます,助動詞,,,,特殊・マス,基本形,ます,マス,マス
92_14545.html,2,8,。,記号,句点,,,,,。,。,。
92_14545.html,3,1,御釈迦様,名詞,一般,,,,,御釈迦様,オシャカサマ,オシャカサマ
92_14545.html,3,2,は,助詞,係助詞,,,,,は,ハ,ワ
92_14545.html,3,3,極楽,名詞,一般,,,,,極楽,ゴクラク,ゴクラク
92_14545.html,3,4,の,助詞,連体化,,,,,の,ノ,ノ
92_14545.html,3,5,蓮池,名詞,固有名詞,人名,姓,,,蓮池,ハスイケ,ハスイケ
92_14545.html,3,6,の,助詞,連体化,,,,,の,ノ,ノ
92_14545.html,3,7,ふち,名詞,一般,,,,,ふち,フチ,フチ
92_14545.html,3,8,を,助詞,格助詞,一般,,,,を,ヲ,ヲ
92_14545.html,3,9,、,記号,読点,,,,,、,、,、
92_14545.html,3,10,独り,名詞,一般,,,,,独り,ヒトリ,ヒトリ
92_14545.html,3,11,で,助詞,格助詞,一般,,,,で,デ,デ
92_14545.html,3,12,ぶらぶら,副詞,一般,,,,,ぶらぶら,ブラブラ,ブラブラ
92_14545.html,3,13,御,接頭詞,名詞接続,,,,,御,ゴ,ゴ
92_14545.html,3,14,歩き,名詞,一般,,,,,歩き,アルキ,アルキ
92_14545.html,3,15,に,助詞,格助詞,一般,,,,に,ニ,ニ
92_14545.html,3,16,なっ,動詞,自立,,,五段・ラ行,連用タ接続,なる,ナッ,ナッ
92_14545.html,3,17,て,助詞,接続助詞,,,,,て,テ,テ
92_14545.html,3,18,いらっしゃい,動詞,自立,,,五段・ラ行特殊,連用形,いらっしゃる,イラッシャイ,イラッシャイ
92_14545.html,3,19,まし,助動詞,,,,特殊・マス,連用形,ます,マシ,マシ
92_14545.html,3,20,た,助動詞,,,,特殊・タ,基本形,た,タ,タ
92_14545.html,3,21,。,記号,句点,,,,,。,。,。
92_14545.html,4,1,池,名詞,一般,,,,,池,イケ,イケ
92_14545.html,4,2,の,助詞,連体化,,,,,の,ノ,ノ
92_14545.html,4,3,中,名詞,非自立,副詞可能,,,,中,ナカ,ナカ
92_14545.html,4,4,に,助詞,格助詞,一般,,,,に,ニ,ニ
92_14545.html,4,5,咲い,動詞,自立,,,五段・カ行イ音便,連用タ接続,咲く,サイ,サイ
92_14545.html,4,6,て,助詞,接続助詞,,,,,て,テ,テ
92_14545.html,4,7,いる,動詞,非自立,,,一段,基本形,いる,イル,イル
92_14545.html,4,8,蓮,名詞,一般,,,,,蓮,ハチス,ハチス
92_14545.html,4,9,の,助詞,連体化,,,,,の,ノ,ノ
92_14545.html,4,10,花,名詞,一般,,,,,花,ハナ,ハナ
92_14545.html,4,11,は,助詞,係助詞,,,,,は,ハ,ワ
92_14545.html,4,12,、,記号,読点,,,,,、,、,、
92_14545.html,4,13,みんな,名詞,代名詞,一般,,,,みんな,ミンナ,ミンナ
92_14545.html,4,14,玉,名詞,接尾,一般,,,,玉,ダマ,ダマ
92_14545.html,4,15,の,助詞,連体化,,,,,の,ノ,ノ
92_14545.html,4,16,よう,名詞,非自立,助動詞語幹,,,,よう,ヨウ,ヨー
92_14545.html,4,17,に,助詞,副詞化,,,,,に,ニ,ニ
92_14545.html,4,18,まっ白,名詞,形容動詞語幹,,,,,まっ白,マッシロ,マッシロ
92_14545.html,4,19,で,助動詞,,,,特殊・ダ,連用形,だ,デ,デ
92_14545.html,4,20,、,記号,読点,,,,,、,、,、
92_14545.html,4,21,その,連体詞,,,,,,その,ソノ,ソノ
92_14545.html,4,22,まん中,名詞,一般,,,,,まん中,マンナカ,マンナカ
92_14545.html,4,23,に,助詞,格助詞,一般,,,,に,ニ,ニ
92_14545.html,4,24,ある,動詞,自立,,,五段・ラ行,基本形,ある,アル,アル
92_14545.html,4,25,金色,名詞,一般,,,,,金色,キンイロ,キンイロ
92_14545.html,4,26,の,助詞,連体化,,,,,の,ノ,ノ
92_14545.html,4,27,蕊,名詞,一般,,,,,蕊,シベ,シベ
92_14545.html,4,28,から,助詞,格助詞,一般,,,,から,カラ,カラ
92_14545.html,4,29,は,助詞,係助詞,,,,,は,ハ,ワ
92_14545.html,4,30,、,記号,読点,,,,,、,、,、
92_14545.html,4,31,何とも,副詞,一般,,,,,何とも,ナントモ,ナントモ
92_14545.html,4,32,云え,動詞,自立,,,五段・ワ行促音便,命令ｅ,云う,イエ,イエ
92_14545.html,4,33,ない,形容詞,自立,,,形容詞・アウオ段,基本形,ない,ナイ,ナイ
92_14545.html,4,34,好い,形容詞,自立,,,形容詞・アウオ段,基本形,好い,ヨイ,ヨイ
92_14545.html,4,35,匂,名詞,一般,,,,,匂,ニオイ,ニオイ
92_14545.html,4,36,が,助詞,格助詞,一般,,,,が,ガ,ガ
92_14545.html,4,37,、,記号,読点,,,,,、,、,、
92_14545.html,4,38,絶間,名詞,一般,,,,,絶間,タエマ,タエマ
92_14545.html,4,39,なく,形容詞,自立,,,形容詞・アウオ段,連用テ接続,ない,ナク,ナク
92_14545.html,4,40,あたり,名詞,一般,,,,,あたり,アタリ,アタリ
92_14545.html,4,41,へ,助詞,格助詞,一般,,,,へ,ヘ,エ
92_14545.html,4,42,溢れ,動詞,自立,,,一段,連用形,溢れる,アフレ,アフレ
92_14545.html,4,43,て,助詞,接続助詞,,,,,て,テ,テ
92_14545.html,4,44,居り,動詞,自立,,,五段・ラ行,連用形,居る,オリ,オリ
92_14545.html,4,45,ます,助動詞,,,,特殊・マス,基本形,ます,マス,マス
92_14545.html,4,46,。,記号,句点,,,,,。,。,。
92_14545.html,5,1,極楽,名詞,一般,,,,,極楽,ゴクラク,ゴクラク
92_14545.html,5,2,は,助詞,係助詞,,,,,は,ハ,ワ
92_14545.html,5,3,丁度,副詞,一般,,,,,丁度,チョウド,チョード
92_14545.html,5,4,朝,名詞,副詞可能,,,,,朝,アサ,アサ
92_14545.html,5,5,な,助動詞,,,,特殊・ダ,体言接続,だ,ナ,ナ
92_14545.html,5,6,の,名詞,非自立,一般,,,,の,ノ,ノ
92_14545.html,5,7,で,助動詞,,,,特殊・ダ,連用形,だ,デ,デ
92_14545.html,5,8,ござい,助動詞,,,,五段・ラ行特殊,連用形,ござる,ゴザイ,ゴザイ
92_14545.html,5,9,ましょ,助動詞,,,,特殊・マス,未然ウ接続,ます,マショ,マショ
92_14545.html,5,10,う,助動詞,,,,不変化型,基本形,う,ウ,ウ
92_14545.html,5,11,。,記号,句点,,,,,。,。,。
92_14545.html,6,1,やがて,副詞,一般,,,,,やがて,ヤガテ,ヤガテ
92_14545.html,6,2,御釈迦様,名詞,一般,,,,,御釈迦様,オシャカサマ,オシャカサマ
92_14545.html,6,3,は,助詞,係助詞,,,,,は,ハ,ワ
92_14545.html,6,4,その,連体詞,,,,,,その,ソノ,ソノ
92_14545.html,6,5,池,名詞,一般,,,,,池,イケ,イケ
92_14545.html,6,6,の,助詞,連体化,,,,,の,ノ,ノ
92_14545.html,6,7,ふち,名詞,一般,,,,,ふち,フチ,フチ
92_14545.html,6,8,に,助詞,格助詞,一般,,,,に,ニ,ニ
92_14545.html,6,9,御,接頭詞,名詞接続,,,,,御,ゴ,ゴ
92_14545.html,6,10,佇み,動詞,自立,,,五段・マ行,連用形,佇む,タタズミ,タタズミ
92_14545.html,6,11,に,助詞,格助詞,一般,,,,に,ニ,ニ
92_14545.html,6,12,なっ,動詞,自立,,,五段・ラ行,連用タ接続,なる,ナッ,ナッ
92_14545.html,6,13,て,助詞,接続助詞,,,,,て,テ,テ
92_14545.html,6,14,、,記号,読点,,,,,、,、,、
92_14545.html,6,15,水,名詞,一般,,,,,水,ミズ,ミズ
92_14545.html,6,16,の,助詞,連体化,,,,,の,ノ,ノ
92_14545.html,6,17,面,名詞,一般,,,,,面,メン,メン
92_14545.html,6,18,を,助詞,格助詞,一般,,,,を,ヲ,ヲ
92_14545.html,6,19,蔽っ,動詞,自立,,,五段・ワ行促音便,連用タ接続,蔽う,オオッ,オオッ
92_14545.html,6,20,て,助詞,接続助詞,,,,,て,テ,テ
92_14545.html,6,21,いる,動詞,非自立,,,一段,基本形,いる,イル,イル
92_14545.html,6,22,蓮,名詞,一般,,,,,蓮,ハチス,ハチス
92_14545.html,6,23,の,助詞,連体化,,,,,の,ノ,ノ
92_14545.html,6,24,葉,名詞,一般,,,,,葉,ハ,ハ
92_14545.html,6,25,の,助詞,連体化,,,,,の,ノ,ノ
92_14545.html,6,26,間,名詞,一般,,,,,間,マ,マ
92_14545.html,6,27,から,助詞,格助詞,一般,,,,から,カラ,カラ
92_14545.html,6,28,、,記号,読点,,,,,、,、,、
92_14545.html,6,29,ふと,副詞,一般,,,,,ふと,フト,フト
92_14545.html,6,30,下,名詞,一般,,,,,下,シタ,シタ
92_14545.html,6,31,の,助詞,連体化,,,,,の,ノ,ノ
92_14545.html,6,32,容子,名詞,一般,,,,,容子,ヨウス,ヨース
92_14545.html,6,33,を,助詞,格助詞,一般,,,,を,ヲ,ヲ
92_14545.html,6,34,御覧,名詞,一般,,,,,御覧,ゴラン,ゴラン
92_14545.html,6,35,に,助詞,格助詞,一般,,,,に,ニ,ニ
92_14545.html,6,36,なり,動詞,自立,,,五段・ラ行,連用形,なる,ナリ,ナリ
92_14545.html,6,37,まし,助動詞,,,,特殊・マス,連用形,ます,マシ,マシ
92_14545.html,6,38,た,助動詞,,,,特殊・タ,基本形,た,タ,タ
92_14545.html,6,39,。,記号,句点,,,,,。,。,。
92_14545.html,7,1,この,連体詞,,,,,,この,コノ,コノ
92_14545.html,7,2,極楽,名詞,一般,,,,,極楽,ゴクラク,ゴクラク
92_14545.html,7,3,の,助詞,連体化,,,,,の,ノ,ノ
92_14545.html,7,4,蓮池,名詞,固有名詞,人名,姓,,,蓮池,ハスイケ,ハスイケ
92_14545.html,7,5,の,助詞,連体化,,,,,の,ノ,ノ
92_14545.html,7,6,下,名詞,一般,,,,,下,シタ,シタ
92_14545.html,7,7,は,助詞,係助詞,,,,,は,ハ,ワ
92_14545.html,7,8,、,記号,読点,,,,,、,、,、
92_14545.html,7,9,丁度,副詞,一般,,,,,丁度,チョウド,チョード
92_14545.html,7,10,地獄,名詞,一般,,,,,地獄,ジゴク,ジゴク
92_14545.html,7,11,の,助詞,連体化,,,,,の,ノ,ノ
92_14545.html,7,12,底,名詞,一般,,,,,底,ソコ,ソコ
92_14545.html,7,13,に,助詞,格助詞,一般,,,,に,ニ,ニ
92_14545.html,7,14,当っ,動詞,自立,,,五段・ラ行,連用タ接続,当る,アタッ,アタッ
92_14545.html,7,15,て,助詞,接続助詞,,,,,て,テ,テ
92_14545.html,7,16,居り,動詞,自立,,,五段・ラ行,連用形,居る,オリ,オリ
92_14545.html,7,17,ます,助動詞,,,,特殊・マス,基本形,ます,マス,マス
92_14545.html,7,18,から,助詞,接続助詞,,,,,から,カラ,カラ
92_14545.html,7,19,、,記号,読点,,,,,、,、,、
92_14545.html,7,20,水晶,名詞,一般,,,,,水晶,スイショウ,スイショー
92_14545.html,7,21,の,助詞,連体化,,,,,の,ノ,ノ
92_14545.html,7,22,よう,名詞,非自立,助動詞語幹,,,,よう,ヨウ,ヨー
92_14545.html,7,23,な,助動詞,,,,特殊・ダ,体言接続,だ,ナ,ナ
92_14545.html,7,24,水,名詞,一般,,,,,水,ミズ,ミズ
92_14545.html,7,25,を,助詞,格助詞,一般,,,,を,ヲ,ヲ
92_14545.html,7,26,透き,動詞,自立,,,五段・カ行イ音便,連用形,透く,スキ,スキ
92_14545.html,7,27,徹し,動詞,自立,,,五段・サ行,連用形,徹す,テッシ,テッシ
92_14545.html,7,28,て,助詞,接続助詞,,,,,て,テ,テ
92_14545.html,7,29,、,記号,読点,,,,,、,、,、
92_14545.html,7,30,三,名詞,数,,,,,三,サン,サン
92_14545.html,7,31,途,名詞,一般,,,,,途,ト,ト
92_14545.html,7,32,の,助詞,連体化,,,,,の,ノ,ノ
92_14545.html,7,33,河,名詞,一般,,,,,河,カワ,カワ
92_14545.html,7,34,や,助詞,並立助詞,,,,,や,ヤ,ヤ
92_14545.html,7,35,針,名詞,一般,,,,,針,ハリ,ハリ
92_14545.html,7,36,の,助詞,連体化,,,,,の,ノ,ノ
92_14545.html,7,37,山,名詞,一般,,,,,山,ヤマ,ヤマ
92_14545.html,7,38,の,助詞,連体化,,,,,の,ノ,ノ
92_14545.html,7,39,景色,名詞,一般,,,,,景色,ケシキ,ケシキ
92_14545.html,7,40,が,助詞,格助詞,一般,,,,が,ガ,ガ
92_14545.html,7,41,、,記号,読点,,,,,、,、,、
92_14545.html,7,42,丁度,副詞,一般,,,,,丁度,チョウド,チョード
92_14545.html,7,43,覗き眼鏡,名詞,一般,,,,,覗き眼鏡,ノゾキメガネ,ノゾキメガネ
92_14545.html,7,44,を,助詞,格助詞,一般,,,,を,ヲ,ヲ
92_14545.html,7,45,見る,動詞,自立,,,一段,基本形,見る,ミル,ミル
92_14545.html,7,46,よう,名詞,非自立,助動詞語幹,,,,よう,ヨウ,ヨー
92_14545.html,7,47,に,助詞,副詞化,,,,,に,ニ,ニ
92_14545.html,7,48,、,記号,読点,,,,,、,、,、
92_14545.html,7,49,はっきり,副詞,助詞類接続,,,,,はっきり,ハッキリ,ハッキリ
92_14545.html,7,50,と,助詞,副詞化,,,,,と,ト,ト
92_14545.html,7,51,見える,動詞,自立,,,一段,基本形,見える,ミエル,ミエル
92_14545.html,7,52,の,名詞,非自立,一般,,,,の,ノ,ノ
92_14545.html,7,53,で,助動詞,,,,特殊・ダ,連用形,だ,デ,デ
92_14545.html,7,54,ござい,助動詞,,,,五段・ラ行特殊,連用形,ござる,ゴザイ,ゴザイ
92_14545.html,7,55,ます,助動詞,,,,特殊・マス,基本形,ます,マス,マス
92_14545.html,7,56,。,記号,句点,,,,,。,。,。
92_14545.html,8,1,すると,接続詞,,,,,,すると,スルト,スルト
92_14545.html,8,2,その,連体詞,,,,,,その,ソノ,ソノ
92_14545.html,8,3,地獄,名詞,一般,,,,,地獄,ジゴク,ジゴク
92_14545.html,8,4,の,助詞,連体化,,,,,の,ノ,ノ
92_14545.html,8,5,底,名詞,一般,,,,,底,ソコ,ソコ
92_14545.html,8,6,に,助詞,格助詞,一般,,,,に,ニ,ニ
92_14545.html,8,7,、,記号,読点,,,,,、,、,、
92_14545.html,8,8,陀多,名詞,一般,,,,,陀多,陀多,陀多
92_14545.html,8,9,と,助詞,格助詞,引用,,,,と,ト,ト
92_14545.html,8,10,云う,動詞,自立,,,五段・ワ行促音便,基本形,云う,イウ,イウ
92_14545.html,8,11,男,名詞,一般,,,,,男,オトコ,オトコ
92_14545.html,8,12,が,助詞,格助詞,一般,,,,が,ガ,ガ
92_14545.html,8,13,一,名詞,数,,,,,一,イチ,イチ
92_14545.html,8,14,人,名詞,接尾,助数詞,,,,人,ニン,ニン
92_14545.html,8,15,、,記号,読点,,,,,、,、,、
92_14545.html,8,16,ほか,名詞,副詞可能,,,,,ほか,ホカ,ホカ
92_14545.html,8,17,の,助詞,連体化,,,,,の,ノ,ノ
92_14545.html,8,18,罪人,名詞,一般,,,,,罪人,ザイニン,ザイニン
92_14545.html,8,19,と,助詞,並立助詞,,,,,と,ト,ト
92_14545.html,8,20,一,名詞,数,,,,,一,イチ,イチ
92_14545.html,8,21,しょ,名詞,サ変接続,,,,,しょ,ショ,ショ
92_14545.html,8,22,に,助詞,格助詞,一般,,,,に,ニ,ニ
92_14545.html,8,23,蠢い,動詞,自立,,,五段・カ行イ音便,連用タ接続,蠢く,ウゴメイ,ウゴメイ
92_14545.html,8,24,て,助詞,接続助詞,,,,,て,テ,テ
92_14545.html,8,25,いる,動詞,非自立,,,一段,基本形,いる,イル,イル
92_14545.html,8,26,姿,名詞,一般,,,,,姿,スガタ,スガタ
92_14545.html,8,27,が,助詞,格助詞,一般,,,,が,ガ,ガ
92_14545.html,8,28,、,記号,読点,,,,,、,、,、
92_14545.html,8,29,御,接頭詞,名詞接続,,,,,御,ゴ,ゴ
92_14545.html,8,30,眼,名詞,一般,,,,,眼,メ,メ
92_14545.html,8,31,に,助詞,格助詞,一般,,,,に,ニ,ニ
92_14545.html,8,32,止まり,動詞,自立,,,五段・ラ行,連用形,止まる,トマリ,トマリ
92_14545.html,8,33,まし,助動詞,,,,特殊・マス,連用形,ます,マシ,マシ
92_14545.html,8,34,た,助動詞,,,,特殊・タ,基本形,た,タ,タ
92_14545.html,8,35,。,記号,句点,,,,,。,。,。
92_14545.html,9,1,この,連体詞,,,,,,この,コノ,コノ
92_14545.html,9,2,陀多,名詞,一般,,,,,陀多,陀多,陀多
92_14545.html,9,3,と,助詞,格助詞,引用,,,,と,ト,ト
92_14545.html,9,4,云う,動詞,自立,,,五段・ワ行促音便,基本形,云う,イウ,イウ
92_14545.html,9,5,男,名詞,一般,,,,,男,オトコ,オトコ
92_14545.html,9,6,は,助詞,係助詞,,,,,は,ハ,ワ
92_14545.html,9,7,、,記号,読点,,,,,、,、,、
92_14545.html,9,8,人,名詞,一般,,,,,人,ヒト,ヒト
92_14545.html,9,9,を,助詞,格助詞,一般,,,,を,ヲ,ヲ
92_14545.html,9,10,殺し,動詞,自立,,,五段・サ行,連用形,殺す,コロシ,コロシ
92_14545.html,9,11,たり,助詞,並立助詞,,,,,たり,タリ,タリ
92_14545.html,9,12,家,名詞,一般,,,,,家,イエ,イエ
92_14545.html,9,13,に,助詞,格助詞,一般,,,,に,ニ,ニ
92_14545.html,9,14,火,名詞,一般,,,,,火,ヒ,ヒ
92_14545.html,9,15,を,助詞,格助詞,一般,,,,を,ヲ,ヲ
92_14545.html,9,16,つけ,動詞,自立,,,一段,連用形,つける,ツケ,ツケ
92_14545.html,9,17,たり,助詞,並立助詞,,,,,たり,タリ,タリ
92_14545.html,9,18,、,記号,読点,,,,,、,、,、
92_14545.html,9,19,いろいろ,名詞,形容動詞語幹,,,,,いろいろ,イロイロ,イロイロ
92_14545.html,9,20,悪事,名詞,一般,,,,,悪事,アクジ,アクジ
92_14545.html,9,21,を,助詞,格助詞,一般,,,,を,ヲ,ヲ
92_14545.html,9,22,働い,動詞,自立,,,五段・カ行イ音便,連用タ接続,働く,ハタライ,ハタライ
92_14545.html,9,23,た,助動詞,,,,特殊・タ,基本形,た,タ,タ
92_14545.html,9,24,大,接頭詞,名詞接続,,,,,大,ダイ,ダイ
92_14545.html,9,25,泥坊,名詞,一般,,,,,泥坊,ドロボウ,ドロボー
92_14545.html,9,26,で,助動詞,,,,特殊・ダ,連用形,だ,デ,デ
92_14545.html,9,27,ござい,助動詞,,,,五段・ラ行特殊,連用形,ござる,ゴザイ,ゴザイ
92_14545.html,9,28,ます,助動詞,,,,特殊・マス,基本形,ます,マス,マス
92_14545.html,9,29,が,助詞,接続助詞,,,,,が,ガ,ガ
92_14545.html,9,30,、,記号,読点,,,,,、,、,、
92_14545.html,9,31,それでも,接続詞,,,,,,それでも,ソレデモ,ソレデモ
92_14545.html,9,32,たった,副詞,助詞類接続,,,,,たった,タッタ,タッタ
92_14545.html,9,33,一つ,名詞,一般,,,,,一つ,ヒトツ,ヒトツ
92_14545.html,9,34,、,記号,読点,,,,,、,、,、
92_14545.html,9,35,善い,形容詞,自立,,,形容詞・アウオ段,基本形,善い,ヨイ,ヨイ
92_14545.html,9,36,事,名詞,非自立,一般,,,,事,コト,コト
92_14545.html,9,37,を,助詞,格助詞,一般,,,,を,ヲ,ヲ
92_14545.html,9,38,致し,動詞,自立,,,五段・サ行,連用形,致す,イタシ,イタシ
92_14545.html,9,39,た,助動詞,,,,特殊・タ,基本形,た,タ,タ
92_14545.html,9,40,覚え,名詞,一般,,,,,覚え,オボエ,オボエ
92_14545.html,9,41,が,助詞,格助詞,一般,,,,が,ガ,ガ
92_14545.html,9,42,ござい,動詞,自立,,,五段・ラ行特殊,連用形,ござる,ゴザイ,ゴザイ
92_14545.html,9,43,ます,助動詞,,,,特殊・マス,基本形,ます,マス,マス
92_14545.html,9,44,。,記号,句点,,,,,。,。,。
92_14545.html,10,1,と,助詞,格助詞,引用,,,,と,ト,ト
92_14545.html,10,2,申し,動詞,自立,,,五段・サ行,連用形,申す,モウシ,モーシ
92_14545.html,10,3,ます,助動詞,,,,特殊・マス,基本形,ます,マス,マス
92_14545.html,10,4,の,名詞,非自立,一般,,,,の,ノ,ノ
92_14545.html,10,5,は,助詞,係助詞,,,,,は,ハ,ワ
92_14545.html,10,6,、,記号,読点,,,,,、,、,、
92_14545.html,10,7,ある,連体詞,,,,,,ある,アル,アル
92_14545.html,10,8,時,名詞,非自立,副詞可能,,,,時,トキ,トキ
92_14545.html,10,9,この,連体詞,,,,,,この,コノ,コノ
92_14545.html,10,10,男,名詞,一般,,,,,男,オトコ,オトコ
92_14545.html,10,11,が,助詞,格助詞,一般,,,,が,ガ,ガ
92_14545.html,10,12,深い,形容詞,自立,,,形容詞・アウオ段,基本形,深い,フカイ,フカイ
92_14545.html,10,13,林,名詞,一般,,,,,林,ハヤシ,ハヤシ
92_14545.html,10,14,の,助詞,連体化,,,,,の,ノ,ノ
92_14545.html,10,15,中,名詞,非自立,副詞可能,,,,中,ナカ,ナカ
92_14545.html,10,16,を,助詞,格助詞,一般,,,,を,ヲ,ヲ
92_14545.html,10,17,通り,動詞,自立,,,五段・ラ行,連用形,通る,トオリ,トーリ
92_14545.html,10,18,ます,助動詞,,,,特殊・マス,基本形,ます,マス,マス
92_14545.html,10,19,と,助詞,接続助詞,,,,,と,ト,ト
92_14545.html,10,20,、,記号,読点,,,,,、,、,、
92_14545.html,10,21,小さな,連体詞,,,,,,小さな,チイサナ,チーサナ
92_14545.html,10,22,蜘蛛,名詞,一般,,,,,蜘蛛,クモ,クモ
92_14545.html,10,23,が,助詞,格助詞,一般,,,,が,ガ,ガ
92_14545.html,10,24,一,名詞,数,,,,,一,イチ,イチ
92_14545.html,10,25,匹,名詞,接尾,助数詞,,,,匹,ヒキ,ヒキ
92_14545.html,10,26,、,記号,読点,,,,,、,、,、
92_14545.html,10,27,路,名詞,一般,,,,,路,ミチ,ミチ
92_14545.html,10,28,ば,助詞,接続助詞,,,,,ば,バ,バ
92_14545.html,10,29,た,助動詞,,,,特殊・タ,基本形,た,タ,タ
92_14545.html,10,30,を,助詞,格助詞,一般,,,,を,ヲ,ヲ
92_14545.html,10,31,這っ,動詞,自立,,,五段・ワ行促音便,連用タ接続,這う,ハッ,ハッ
92_14545.html,10,32,て,助詞,接続助詞,,,,,て,テ,テ
92_14545.html,10,33,行く,動詞,非自立,,,五段・カ行促音便,基本形,行く,イク,イク
92_14545.html,10,34,の,名詞,非自立,一般,,,,の,ノ,ノ
92_14545.html,10,35,が,助詞,格助詞,一般,,,,が,ガ,ガ
92_14545.html,10,36,見え,動詞,自立,,,一段,連用形,見える,ミエ,ミエ
92_14545.html,10,37,まし,助動詞,,,,特殊・マス,連用形,ます,マシ,マシ
92_14545.html,10,38,た,助動詞,,,,特殊・タ,基本形,た,タ,タ
92_14545.html,10,39,。,記号,句点,,,,,。,。,。
92_14545.html,11,1,そこで,接続詞,,,,,,そこで,ソコデ,ソコデ
92_14545.html,11,2,陀多,名詞,一般,,,,,陀多,陀多,陀多
92_14545.html,11,3,は,助詞,係助詞,,,,,は,ハ,ワ
92_14545.html,11,4,早速,副詞,助詞類接続,,,,,早速,サッソク,サッソク
92_14545.html,11,5,足,名詞,一般,,,,,足,アシ,アシ
92_14545.html,11,6,を,助詞,格助詞,一般,,,,を,ヲ,ヲ
92_14545.html,11,7,挙げ,動詞,自立,,,一段,連用形,挙げる,アゲ,アゲ
92_14545.html,11,8,て,助詞,接続助詞,,,,,て,テ,テ
92_14545.html,11,9,、,記号,読点,,,,,、,、,、
92_14545.html,11,10,踏み,動詞,自立,,,五段・マ行,連用形,踏む,フミ,フミ
92_14545.html,11,11,殺そ,動詞,自立,,,五段・サ行,未然ウ接続,殺す,コロソ,コロソ
92_14545.html,11,12,う,助動詞,,,,不変化型,基本形,う,ウ,ウ
92_14545.html,11,13,と,助詞,格助詞,引用,,,,と,ト,ト
92_14545.html,11,14,致し,動詞,自立,,,五段・サ行,連用形,致す,イタシ,イタシ
92_14545.html,11,15,まし,助動詞,,,,特殊・マス,連用形,ます,マシ,マシ
92_14545.html,11,16,た,助動詞,,,,特殊・タ,基本形,た,タ,タ
92_14545.html,11,17,が,助詞,接続助詞,,,,,が,ガ,ガ
92_14545.html,11,18,、,記号,読点,,,,,、,、,、
92_14545.html,12,1,「,記号,括弧開,,,,,「,「,「
92_14545.html,12,2,いや,接続詞,,,,,,いや,イヤ,イヤ
92_14545.html,12,3,、,記号,読点,,,,,、,、,、
92_14545.html,12,4,いや,接続詞,,,,,,いや,イヤ,イヤ
92_14545.html,12,5,、,記号,読点,,,,,、,、,、
92_14545.html,12,6,これ,名詞,代名詞,一般,,,,これ,コレ,コレ
92_14545.html,12,7,も,助詞,係助詞,,,,,も,モ,モ
92_14545.html,12,8,小さい,形容詞,自立,,,形容詞・アウオ段,基本形,小さい,チイサイ,チーサイ
92_14545.html,12,9,ながら,助詞,接続助詞,,,,,ながら,ナガラ,ナガラ
92_14545.html,12,10,、,記号,読点,,,,,、,、,、
92_14545.html,12,11,命,名詞,一般,,,,,命,イノチ,イノチ
92_14545.html,12,12,の,助詞,格助詞,一般,,,,の,ノ,ノ
92_14545.html,12,13,ある,動詞,自立,,,五段・ラ行,基本形,ある,アル,アル
92_14545.html,12,14,もの,名詞,非自立,一般,,,,もの,モノ,モノ
92_14545.html,12,15,に,助詞,格助詞,一般,,,,に,ニ,ニ
92_14545.html,12,16,違い,名詞,ナイ形容詞語幹,,,,,違い,チガイ,チガイ
92_14545.html,12,17,ない,助動詞,,,,特殊・ナイ,基本形,ない,ナイ,ナイ
92_14545.html,12,18,。,記号,句点,,,,,。,。,。
92_14545.html,13,1,その,連体詞,,,,,,その,ソノ,ソノ
92_14545.html,13,2,命,名詞,一般,,,,,命,イノチ,イノチ
92_14545.html,13,3,を,助詞,格助詞,一般,,,,を,ヲ,ヲ
92_14545.html,13,4,無,接頭詞,名詞接続,,,,,無,ム,ム
92_14545.html,13,5,暗に,副詞,一般,,,,,暗に,アンニ,アンニ
92_14545.html,13,6,とる,動詞,自立,,,五段・ラ行,基本形,とる,トル,トル
92_14545.html,13,7,と,助詞,格助詞,引用,,,,と,ト,ト
92_14545.html,13,8,云う,動詞,自立,,,五段・ワ行促音便,基本形,云う,イウ,イウ
92_14545.html,13,9,事,名詞,非自立,一般,,,,事,コト,コト
92_14545.html,13,10,は,助詞,係助詞,,,,,は,ハ,ワ
92_14545.html,13,11,、,記号,読点,,,,,、,、,、
92_14545.html,13,12,いくら,副詞,一般,,,,,いくら,イクラ,イクラ
92_14545.html,13,13,何,名詞,代名詞,一般,,,,何,ナニ,ナニ
92_14545.html,13,14,でも,助詞,副助詞,,,,,でも,デモ,デモ
92_14545.html,13,15,可哀そう,名詞,形容動詞語幹,,,,,可哀そう,カワイソウ,カワイソー
92_14545.html,13,16,だ,助動詞,,,,特殊・ダ,基本形,だ,ダ,ダ
92_14545.html,13,17,。,記号,句点,,,,,。,。,。
92_14545.html,13,18,」,記号,括弧閉,,,,,」,」,」
92_14545.html,14,1,と,助詞,格助詞,引用,,,,と,ト,ト
92_14545.html,14,2,、,記号,読点,,,,,、,、,、
92_14545.html,14,3,こう,副詞,一般,,,,,こう,コウ,コー
92_14545.html,14,4,急,名詞,形容動詞語幹,,,,,急,キュウ,キュー
92_14545.html,14,5,に,助詞,副詞化,,,,,に,ニ,ニ
92_14545.html,14,6,思い返し,動詞,自立,,,五段・サ行,連用形,思い返す,オモイカエシ,オモイカエシ
92_14545.html,14,7,て,助詞,接続助詞,,,,,て,テ,テ
92_14545.html,14,8,、,記号,読点,,,,,、,、,、
92_14545.html,14,9,とうとう,副詞,一般,,,,,とうとう,トウトウ,トートー
92_14545.html,14,10,その,連体詞,,,,,,その,ソノ,ソノ
92_14545.html,14,11,蜘蛛,名詞,一般,,,,,蜘蛛,クモ,クモ
92_14545.html,14,12,を,助詞,格助詞,一般,,,,を,ヲ,ヲ
92_14545.html,14,13,殺さ,動詞,自立,,,五段・サ行,未然形,殺す,コロサ,コロサ
92_14545.html,14,14,ず,助動詞,,,,特殊・ヌ,連用ニ接続,ぬ,ズ,ズ
92_14545.html,14,15,に,助詞,格助詞,一般,,,,に,ニ,ニ
92_14545.html,14,16,助け,動詞,自立,,,一段,連用形,助ける,タスケ,タスケ
92_14545.html,14,17,て,助詞,接続助詞,,,,,て,テ,テ
92_14545.html,14,18,やっ,動詞,非自立,,,五段・ラ行,連用タ接続,やる,ヤッ,ヤッ
92_14545.html,14,19,た,助動詞,,,,特殊・タ,基本形,た,タ,タ
92_14545.html,14,20,から,助詞,接続助詞,,,,,から,カラ,カラ
92_14545.html,14,21,で,助動詞,,,,特殊・ダ,連用形,だ,デ,デ
92_14545.html,14,22,ござい,助動詞,,,,五段・ラ行特殊,連用形,ござる,ゴザイ,ゴザイ
92_14545.html,14,23,ます,助動詞,,,,特殊・マス,基本形,ます,マス,マス
92_14545.html,14,24,。,記号,句点,,,,,。,。,。
92_14545.html,15,1,御釈迦様,名詞,一般,,,,,御釈迦様,オシャカサマ,オシャカサマ
92_14545.html,15,2,は,助詞,係助詞,,,,,は,ハ,ワ
92_14545.html,15,3,地獄,名詞,一般,,,,,地獄,ジゴク,ジゴク
92_14545.html,15,4,の,助詞,連体化,,,,,の,ノ,ノ
92_14545.html,15,5,容子,名詞,一般,,,,,容子,ヨウス,ヨース
92_14545.html,15,6,を,助詞,格助詞,一般,,,,を,ヲ,ヲ
92_14545.html,15,7,御覧,名詞,一般,,,,,御覧,ゴラン,ゴラン
92_14545.html,15,8,に,助詞,格助詞,一般,,,,に,ニ,ニ
92_14545.html,15,9,なり,動詞,自立,,,五段・ラ行,連用形,なる,ナリ,ナリ
92_14545.html,15,10,ながら,助詞,接続助詞,,,,,ながら,ナガラ,ナガラ
92_14545.html,15,11,、,記号,読点,,,,,、,、,、
92_14545.html,15,12,この,連体詞,,,,,,この,コノ,コノ
92_14545.html,15,13,陀多,名詞,一般,,,,,陀多,陀多,陀多
92_14545.html,15,14,に,助詞,格助詞,一般,,,,に,ニ,ニ
92_14545.html,15,15,は,助詞,係助詞,,,,,は,ハ,ワ
92_14545.html,15,16,蜘蛛,名詞,一般,,,,,蜘蛛,クモ,クモ
92_14545.html,15,17,を,助詞,格助詞,一般,,,,を,ヲ,ヲ
92_14545.html,15,18,助け,動詞,自立,,,一段,連用形,助ける,タスケ,タスケ
92_14545.html,15,19,た,助動詞,,,,特殊・タ,基本形,た,タ,タ
92_14545.html,15,20,事,名詞,非自立,一般,,,,事,コト,コト
92_14545.html,15,21,が,助詞,格助詞,一般,,,,が,ガ,ガ
92_14545.html,15,22,ある,動詞,自立,,,五段・ラ行,基本形,ある,アル,アル
92_14545.html,15,23,の,名詞,非自立,一般,,,,の,ノ,ノ
92_14545.html,15,24,を,助詞,格助詞,一般,,,,を,ヲ,ヲ
92_14545.html,15,25,御,接頭詞,名詞接続,,,,,御,ゴ,ゴ
92_14545.html,15,26,思い,名詞,一般,,,,,思い,オモイ,オモイ
92_14545.html,15,27,出し,名詞,接尾,一般,,,,出し,ダシ,ダシ
92_14545.html,15,28,に,助詞,格助詞,一般,,,,に,ニ,ニ
92_14545.html,15,29,なり,動詞,自立,,,五段・ラ行,連用形,なる,ナリ,ナリ
92_14545.html,15,30,まし,助動詞,,,,特殊・マス,連用形,ます,マシ,マシ
92_14545.html,15,31,た,助動詞,,,,特殊・タ,基本形,た,タ,タ
92_14545.html,15,32,。,記号,句点,,,,,。,。,。
92_14545.html,16,1,そうして,接続詞,,,,,,そうして,ソウシテ,ソーシテ
92_14545.html,16,2,それ,名詞,代名詞,一般,,,,それ,ソレ,ソレ
92_14545.html,16,3,だけ,助詞,副助詞,,,,,だけ,ダケ,ダケ
92_14545.html,16,4,の,助詞,連体化,,,,,の,ノ,ノ
92_14545.html,16,5,善い,形容詞,自立,,,形容詞・アウオ段,基本形,善い,ヨイ,ヨイ
92_14545.html,16,6,事,名詞,非自立,一般,,,,事,コト,コト
92_14545.html,16,7,を,助詞,格助詞,一般,,,,を,ヲ,ヲ
92_14545.html,16,8,し,動詞,自立,,,サ変・スル,連用形,する,シ,シ
92_14545.html,16,9,た,助動詞,,,,特殊・タ,基本形,た,タ,タ
92_14545.html,16,10,報,名詞,一般,,,,,報,ホウ,ホー
92_14545.html,16,11,に,助詞,格助詞,一般,,,,に,ニ,ニ
92_14545.html,16,12,は,助詞,係助詞,,,,,は,ハ,ワ
92_14545.html,16,13,、,記号,読点,,,,,、,、,、
92_14545.html,16,14,出来る,動詞,自立,,,一段,基本形,出来る,デキル,デキル
92_14545.html,16,15,なら,助動詞,,,,特殊・ダ,仮定形,だ,ナラ,ナラ
92_14545.html,16,16,、,記号,読点,,,,,、,、,、
92_14545.html,16,17,この,連体詞,,,,,,この,コノ,コノ
92_14545.html,16,18,男,名詞,一般,,,,,男,オトコ,オトコ
92_14545.html,16,19,を,助詞,格助詞,一般,,,,を,ヲ,ヲ
92_14545.html,16,20,地獄,名詞,一般,,,,,地獄,ジゴク,ジゴク
92_14545.html,16,21,から,助詞,格助詞,一般,,,,から,カラ,カラ
92_14545.html,16,22,救い出し,動詞,自立,,,五段・サ行,連用形,救い出す,スクイダシ,スクイダシ
92_14545.html,16,23,て,助詞,接続助詞,,,,,て,テ,テ
92_14545.html,16,24,やろ,動詞,非自立,,,五段・ラ行,未然ウ接続,やる,ヤロ,ヤロ
92_14545.html,16,25,う,助動詞,,,,不変化型,基本形,う,ウ,ウ
92_14545.html,16,26,と,助詞,格助詞,引用,,,,と,ト,ト
92_14545.html,16,27,御,接頭詞,名詞接続,,,,,御,ゴ,ゴ
92_14545.html,16,28,考え,名詞,一般,,,,,考え,カンガエ,カンガエ
92_14545.html,16,29,に,助詞,格助詞,一般,,,,に,ニ,ニ
92_14545.html,16,30,なり,動詞,自立,,,五段・ラ行,連用形,なる,ナリ,ナリ
92_14545.html,16,31,まし,助動詞,,,,特殊・マス,連用形,ます,マシ,マシ
92_14545.html,16,32,た,助動詞,,,,特殊・タ,基本形,た,タ,タ
92_14545.html,16,33,。,記号,句点,,,,,。,。,。
92_14545.html,17,1,幸い,副詞,助詞類接続,,,,,幸い,サイワイ,サイワイ
92_14545.html,17,2,、,記号,読点,,,,,、,、,、
92_14545.html,17,3,側,名詞,一般,,,,,側,ガワ,ガワ
92_14545.html,17,4,を,助詞,格助詞,一般,,,,を,ヲ,ヲ
92_14545.html,17,5,見,動詞,自立,,,一段,連用形,見る,ミ,ミ
92_14545.html,17,6,ます,助動詞,,,,特殊・マス,基本形,ます,マス,マス
92_14545.html,17,7,と,助詞,接続助詞,,,,,と,ト,ト
92_14545.html,17,8,、,記号,読点,,,,,、,、,、
92_14545.html,17,9,翡翠,名詞,一般,,,,,翡翠,カワセミ,カワセミ
92_14545.html,17,10,の,助詞,連体化,,,,,の,ノ,ノ
92_14545.html,17,11,よう,名詞,非自立,助動詞語幹,,,,よう,ヨウ,ヨー
92_14545.html,17,12,な,助動詞,,,,特殊・ダ,体言接続,だ,ナ,ナ
92_14545.html,17,13,色,名詞,一般,,,,,色,イロ,イロ
92_14545.html,17,14,を,助詞,格助詞,一般,,,,を,ヲ,ヲ
92_14545.html,17,15,し,動詞,自立,,,サ変・スル,連用形,する,シ,シ
92_14545.html,17,16,た,助動詞,,,,特殊・タ,基本形,た,タ,タ
92_14545.html,17,17,蓮,名詞,一般,,,,,蓮,ハチス,ハチス
92_14545.html,17,18,の,助詞,連体化,,,,,の,ノ,ノ
92_14545.html,17,19,葉,名詞,一般,,,,,葉,ハ,ハ
92_14545.html,17,20,の,助詞,連体化,,,,,の,ノ,ノ
92_14545.html,17,21,上,名詞,非自立,副詞可能,,,,上,ジョウ,ジョー
92_14545.html,17,22,に,助詞,格助詞,一般,,,,に,ニ,ニ
92_14545.html,17,23,、,記号,読点,,,,,、,、,、
92_14545.html,17,24,極楽,名詞,一般,,,,,極楽,ゴクラク,ゴクラク
92_14545.html,17,25,の,助詞,連体化,,,,,の,ノ,ノ
92_14545.html,17,26,蜘蛛,名詞,一般,,,,,蜘蛛,クモ,クモ
92_14545.html,17,27,が,助詞,格助詞,一般,,,,が,ガ,ガ
92_14545.html,17,28,一,名詞,数,,,,,一,イチ,イチ
92_14545.html,17,29,匹,名詞,接尾,助数詞,,,,匹,ヒキ,ヒキ
92_14545.html,17,30,、,記号,読点,,,,,、,、,、
92_14545.html,17,31,美しい,形容詞,自立,,,形容詞・イ段,基本形,美しい,ウツクシイ,ウツクシイ
92_14545.html,17,32,銀色,名詞,一般,,,,,銀色,ギンイロ,ギンイロ
92_14545.html,17,33,の,助詞,連体化,,,,,の,ノ,ノ
92_14545.html,17,34,糸,名詞,一般,,,,,糸,イト,イト
92_14545.html,17,35,を,助詞,格助詞,一般,,,,を,ヲ,ヲ
92_14545.html,17,36,かけ,動詞,自立,,,一段,連用形,かける,カケ,カケ
92_14545.html,17,37,て,助詞,接続助詞,,,,,て,テ,テ
92_14545.html,17,38,居り,動詞,自立,,,五段・ラ行,連用形,居る,オリ,オリ
92_14545.html,17,39,ます,助動詞,,,,特殊・マス,基本形,ます,マス,マス
92_14545.html,17,40,。,記号,句点,,,,,。,。,。
92_14545.html,18,1,御釈迦様,名詞,一般,,,,,御釈迦様,オシャカサマ,オシャカサマ
92_14545.html,18,2,は,助詞,係助詞,,,,,は,ハ,ワ
92_14545.html,18,3,その,連体詞,,,,,,その,ソノ,ソノ
92_14545.html,18,4,蜘蛛,名詞,一般,,,,,蜘蛛,クモ,クモ
92_14545.html,18,5,の,助詞,連体化,,,,,の,ノ,ノ
92_14545.html,18,6,糸,名詞,一般,,,,,糸,イト,イト
92_14545.html,18,7,を,助詞,格助詞,一般,,,,を,ヲ,ヲ
92_14545.html,18,8,そっと,副詞,一般,,,,,そっと,ソット,ソット
92_14545.html,18,9,御,接頭詞,名詞接続,,,,,御,ゴ,ゴ
92_14545.html,18,10,手,名詞,一般,,,,,手,テ,テ
92_14545.html,18,11,に,助詞,格助詞,一般,,,,に,ニ,ニ
92_14545.html,18,12,御,接頭詞,名詞接続,,,,,御,ゴ,ゴ
92_14545.html,18,13,取り,名詞,一般,,,,,取り,トリ,トリ
92_14545.html,18,14,に,助詞,格助詞,一般,,,,に,ニ,ニ
92_14545.html,18,15,なっ,動詞,自立,,,五段・ラ行,連用タ接続,なる,ナッ,ナッ
92_14545.html,18,16,て,助詞,接続助詞,,,,,て,テ,テ
92_14545.html,18,17,、,記号,読点,,,,,、,、,、
92_14545.html,18,18,玉,名詞,一般,,,,,玉,タマ,タマ
92_14545.html,18,19,の,助詞,連体化,,,,,の,ノ,ノ
92_14545.html,18,20,よう,名詞,非自立,助動詞語幹,,,,よう,ヨウ,ヨー
92_14545.html,18,21,な,助動詞,,,,特殊・ダ,体言接続,だ,ナ,ナ
92_14545.html,18,22,白蓮,名詞,一般,,,,,白蓮,ビャクレン,ビャクレン
92_14545.html,18,23,の,助詞,連体化,,,,,の,ノ,ノ
92_14545.html,18,24,間,名詞,一般,,,,,間,マ,マ
92_14545.html,18,25,から,助詞,格助詞,一般,,,,から,カラ,カラ
92_14545.html,18,26,、,記号,読点,,,,,、,、,、
92_14545.html,18,27,遥か,名詞,形容動詞語幹,,,,,遥か,ハルカ,ハルカ
92_14545.html,18,28,下,名詞,接尾,一般,,,,下,カ,カ
92_14545.html,18,29,に,助詞,格助詞,一般,,,,に,ニ,ニ
92_14545.html,18,30,ある,動詞,自立,,,五段・ラ行,基本形,ある,アル,アル
92_14545.html,18,31,地獄,名詞,一般,,,,,地獄,ジゴク,ジゴク
92_14545.html,18,32,の,助詞,連体化,,,,,の,ノ,ノ
92_14545.html,18,33,底,名詞,一般,,,,,底,ソコ,ソコ
92_14545.html,18,34,へ,助詞,格助詞,一般,,,,へ,ヘ,エ
92_14545.html,18,35,、,記号,読点,,,,,、,、,、
92_14545.html,18,36,まっすぐ,名詞,形容動詞語幹,,,,,まっすぐ,マッスグ,マッスグ
92_14545.html,18,37,に,助詞,副詞化,,,,,に,ニ,ニ
92_14545.html,18,38,それ,名詞,代名詞,一般,,,,それ,ソレ,ソレ
92_14545.html,18,39,を,助詞,格助詞,一般,,,,を,ヲ,ヲ
92_14545.html,18,40,御下,名詞,一般,,,,,御下,オシモ,オシモ
92_14545.html,18,41,し,動詞,自立,,,サ変・スル,連用形,する,シ,シ
92_14545.html,18,42,なさい,動詞,非自立,,,五段・ラ行特殊,連用形,なさる,ナサイ,ナサイ
92_14545.html,18,43,まし,助動詞,,,,特殊・マス,連用形,ます,マシ,マシ
92_14545.html,18,44,た,助動詞,,,,特殊・タ,基本形,た,タ,タ
92_14545.html,18,45,。,記号,句点,,,,,。,。,。
92_14545.html,19,1,二,名詞,数,,,,,二,ニ,ニ
92_14545.html,20,1,こちら,名詞,代名詞,一般,,,,こちら,コチラ,コチラ
92_14545.html,20,2,は,助詞,係助詞,,,,,は,ハ,ワ
92_14545.html,20,3,地獄,名詞,一般,,,,,地獄,ジゴク,ジゴク
92_14545.html,20,4,の,助詞,連体化,,,,,の,ノ,ノ
92_14545.html,20,5,底,名詞,一般,,,,,底,ソコ,ソコ
92_14545.html,20,6,の,助詞,連体化,,,,,の,ノ,ノ
92_14545.html,20,7,血の池,名詞,一般,,,,,血の池,チノイケ,チノイケ
92_14545.html,20,8,で,助詞,格助詞,一般,,,,で,デ,デ
92_14545.html,20,9,、,記号,読点,,,,,、,、,、
92_14545.html,20,10,ほか,名詞,副詞可能,,,,,ほか,ホカ,ホカ
92_14545.html,20,11,の,助詞,連体化,,,,,の,ノ,ノ
92_14545.html,20,12,罪人,名詞,一般,,,,,罪人,ザイニン,ザイニン
92_14545.html,20,13,と,助詞,並立助詞,,,,,と,ト,ト
92_14545.html,20,14,一,名詞,数,,,,,一,イチ,イチ
92_14545.html,20,15,しょ,名詞,サ変接続,,,,,しょ,ショ,ショ
92_14545.html,20,16,に,助詞,格助詞,一般,,,,に,ニ,ニ
92_14545.html,20,17,、,記号,読点,,,,,、,、,、
92_14545.html,20,18,浮い,動詞,自立,,,五段・カ行イ音便,連用タ接続,浮く,ウイ,ウイ
92_14545.html,20,19,たり,助詞,並立助詞,,,,,たり,タリ,タリ
92_14545.html,20,20,沈ん,動詞,自立,,,五段・マ行,連用タ接続,沈む,シズン,シズン
92_14545.html,20,21,だり,助詞,並立助詞,,,,,だり,ダリ,ダリ
92_14545.html,20,22,し,動詞,自立,,,サ変・スル,連用形,する,シ,シ
92_14545.html,20,23,て,助詞,接続助詞,,,,,て,テ,テ
92_14545.html,20,24,い,動詞,非自立,,,一段,連用形,いる,イ,イ
92_14545.html,20,25,た,助動詞,,,,特殊・タ,基本形,た,タ,タ
92_14545.html,20,26,陀多,名詞,一般,,,,,陀多,陀多,陀多
92_14545.html,20,27,で,助動詞,,,,特殊・ダ,連用形,だ,デ,デ
92_14545.html,20,28,ござい,助動詞,,,,五段・ラ行特殊,連用形,ござる,ゴザイ,ゴザイ
92_14545.html,20,29,ます,助動詞,,,,特殊・マス,基本形,ます,マス,マス
92_14545.html,20,30,。,記号,句点,,,,,。,。,。
92_14545.html,21,1,何しろ,副詞,一般,,,,,何しろ,ナニシロ,ナニシロ
92_14545.html,21,2,どちら,名詞,代名詞,一般,,,,どちら,ドチラ,ドチラ
92_14545.html,21,3,を,助詞,格助詞,一般,,,,を,ヲ,ヲ
92_14545.html,21,4,見,動詞,自立,,,一段,連用形,見る,ミ,ミ
92_14545.html,21,5,て,助詞,接続助詞,,,,,て,テ,テ
92_14545.html,21,6,も,助詞,係助詞,,,,,も,モ,モ
92_14545.html,21,7,、,記号,読点,,,,,、,、,、
92_14545.html,21,8,まっ暗,名詞,形容動詞語幹,,,,,まっ暗,マックラ,マックラ
92_14545.html,21,9,で,助動詞,,,,特殊・ダ,連用形,だ,デ,デ
92_14545.html,21,10,、,記号,読点,,,,,、,、,、
92_14545.html,21,11,たまに,副詞,一般,,,,,たまに,タマニ,タマニ
92_14545.html,21,12,その,連体詞,,,,,,その,ソノ,ソノ
92_14545.html,21,13,くら,形容詞,自立,,,形容詞・アウオ段,ガル接続,くらい,クラ,クラ
92_14545.html,21,14,暗から,形容詞,自立,,,形容詞・アウオ段,未然ヌ接続,暗い,クラカラ,クラカラ
92_14545.html,21,15,ぼんやり,副詞,一般,,,,,ぼんやり,ボンヤリ,ボンヤリ
92_14545.html,21,16,浮き,動詞,自立,,,五段・カ行イ音便,連用形,浮く,ウキ,ウキ
92_14545.html,21,17,上っ,動詞,自立,,,五段・ラ行,連用タ接続,上る,ノボッ,ノボッ
92_14545.html,21,18,て,助詞,接続助詞,,,,,て,テ,テ
92_14545.html,21,19,いる,動詞,非自立,,,一段,基本形,いる,イル,イル
92_14545.html,21,20,もの,名詞,非自立,一般,,,,もの,モノ,モノ
92_14545.html,21,21,が,助詞,格助詞,一般,,,,が,ガ,ガ
92_14545.html,21,22,ある,動詞,自立,,,五段・ラ行,基本形,ある,アル,アル
92_14545.html,21,23,と,助詞,格助詞,引用,,,,と,ト,ト
92_14545.html,21,24,思い,動詞,自立,,,五段・ワ行促音便,連用形,思う,オモイ,オモイ
92_14545.html,21,25,ます,助動詞,,,,特殊・マス,基本形,ます,マス,マス
92_14545.html,21,26,と,助詞,接続助詞,,,,,と,ト,ト
92_14545.html,21,27,、,記号,読点,,,,,、,、,、
92_14545.html,21,28,それ,名詞,代名詞,一般,,,,それ,ソレ,ソレ
92_14545.html,21,29,は,助詞,係助詞,,,,,は,ハ,ワ
92_14545.html,21,30,恐し,形容詞,自立,,,形容詞・アウオ段,文語基本形,恐い,コワシ,コワシ
92_14545.html,21,31,い,動詞,非自立,,,一段,連用形,いる,イ,イ
92_14545.html,21,32,針,名詞,一般,,,,,針,ハリ,ハリ
92_14545.html,21,33,の,助詞,連体化,,,,,の,ノ,ノ
92_14545.html,21,34,山,名詞,一般,,,,,山,ヤマ,ヤマ
92_14545.html,21,35,の,助詞,連体化,,,,,の,ノ,ノ
92_14545.html,21,36,針,名詞,一般,,,,,針,ハリ,ハリ
92_14545.html,21,37,が,助詞,格助詞,一般,,,,が,ガ,ガ
92_14545.html,21,38,光る,動詞,自立,,,五段・ラ行,基本形,光る,ヒカル,ヒカル
92_14545.html,21,39,の,名詞,非自立,一般,,,,の,ノ,ノ
92_14545.html,21,40,で,助動詞,,,,特殊・ダ,連用形,だ,デ,デ
92_14545.html,21,41,ござい,助動詞,,,,五段・ラ行特殊,連用形,ござる,ゴザイ,ゴザイ
92_14545.html,21,42,ます,助動詞,,,,特殊・マス,基本形,ます,マス,マス
92_14545.html,21,43,から,助詞,接続助詞,,,,,から,カラ,カラ
92_14545.html,21,44,、,記号,読点,,,,,、,、,、
92_14545.html,21,45,その,連体詞,,,,,,その,ソノ,ソノ
92_14545.html,21,46,心細,形容詞,自立,,,形容詞・アウオ段,ガル接続,心細い,ココロボソ,ココロボソ
92_14545.html,21,47,さ,名詞,接尾,特殊,,,,さ,サ,サ
92_14545.html,21,48,と,助詞,格助詞,引用,,,,と,ト,ト
92_14545.html,21,49,云っ,動詞,自立,,,五段・ワ行促音便,連用タ接続,云う,ユッ,ユッ
92_14545.html,21,50,たら,助動詞,,,,特殊・タ,仮定形,た,タラ,タラ
92_14545.html,21,51,ござい,助動詞,,,,五段・ラ行特殊,連用形,ござる,ゴザイ,ゴザイ
92_14545.html,21,52,ませ,助動詞,,,,特殊・マス,未然形,ます,マセ,マセ
92_14545.html,21,53,ん,助動詞,,,,不変化型,基本形,ん,ン,ン
92_14545.html,21,54,。,記号,句点,,,,,。,。,。
92_14545.html,22,1,その,連体詞,,,,,,その,ソノ,ソノ
92_14545.html,22,2,上,名詞,一般,,,,,上,ウエ,ウエ
92_14545.html,22,3,あたり,名詞,接尾,一般,,,,あたり,アタリ,アタリ
92_14545.html,22,4,は,助詞,係助詞,,,,,は,ハ,ワ
92_14545.html,22,5,墓,名詞,一般,,,,,墓,ハカ,ハカ
92_14545.html,22,6,の,助詞,連体化,,,,,の,ノ,ノ
92_14545.html,22,7,中,名詞,非自立,副詞可能,,,,中,ナカ,ナカ
92_14545.html,22,8,の,助詞,連体化,,,,,の,ノ,ノ
92_14545.html,22,9,よう,名詞,非自立,助動詞語幹,,,,よう,ヨウ,ヨー
92_14545.html,22,10,に,助詞,副詞化,,,,,に,ニ,ニ
92_14545.html,22,11,しんと,副詞,一般,,,,,しんと,シント,シント
92_14545.html,22,12,静まり返っ,動詞,自立,,,五段・ラ行,連用タ接続,静まり返る,シズマリカエッ,シズマリカエッ
92_14545.html,22,13,て,助詞,接続助詞,,,,,て,テ,テ
92_14545.html,22,14,、,記号,読点,,,,,、,、,、
92_14545.html,22,15,たま,名詞,一般,,,,,たま,タマ,タマ
92_14545.html,22,16,に,助詞,格助詞,一般,,,,に,ニ,ニ
92_14545.html,22,17,聞える,動詞,自立,,,一段,基本形,聞える,キコエル,キコエル
92_14545.html,22,18,もの,名詞,非自立,一般,,,,もの,モノ,モノ
92_14545.html,22,19,と,助詞,格助詞,引用,,,,と,ト,ト
92_14545.html,22,20,云っ,動詞,自立,,,五段・ワ行促音便,連用タ接続,云う,ユッ,ユッ
92_14545.html,22,21,て,助詞,接続助詞,,,,,て,テ,テ
92_14545.html,22,22,は,助詞,係助詞,,,,,は,ハ,ワ
92_14545.html,22,23,、,記号,読点,,,,,、,、,、
92_14545.html,22,24,ただ,接続詞,,,,,,ただ,タダ,タダ
92_14545.html,22,25,罪人,名詞,一般,,,,,罪人,ザイニン,ザイニン
92_14545.html,22,26,が,助詞,格助詞,一般,,,,が,ガ,ガ
92_14545.html,22,27,つく,動詞,自立,,,五段・カ行イ音便,基本形,つく,ツク,ツク
92_14545.html,22,28,微,接頭詞,名詞接続,,,,,微,ホロ,ホロ
92_14545.html,22,29,な,助動詞,,,,特殊・ダ,体言接続,だ,ナ,ナ
92_14545.html,22,30,嘆息,名詞,サ変接続,,,,,嘆息,タンソク,タンソク
92_14545.html,22,31,ばかり,助詞,副助詞,,,,,ばかり,バカリ,バカリ
92_14545.html,22,32,で,助動詞,,,,特殊・ダ,連用形,だ,デ,デ
92_14545.html,22,33,ござい,助動詞,,,,五段・ラ行特殊,連用形,ござる,ゴザイ,ゴザイ
92_14545.html,22,34,ます,助動詞,,,,特殊・マス,基本形,ます,マス,マス
92_14545.html,22,35,。,記号,句点,,,,,。,。,。
92_14545.html,23,1,これ,名詞,代名詞,一般,,,,これ,コレ,コレ
92_14545.html,23,2,は,助詞,係助詞,,,,,は,ハ,ワ
92_14545.html,23,3,ここ,名詞,代名詞,一般,,,,ここ,ココ,ココ
92_14545.html,23,4,へ,助詞,格助詞,一般,,,,へ,ヘ,エ
92_14545.html,23,5,落ち,動詞,自立,,,一段,連用形,落ちる,オチ,オチ
92_14545.html,23,6,て,助詞,接続助詞,,,,,て,テ,テ
92_14545.html,23,7,来る,動詞,非自立,,,カ変・来ル,基本形,来る,クル,クル
92_14545.html,23,8,ほど,助詞,副助詞,,,,,ほど,ホド,ホド
92_14545.html,23,9,の,助詞,連体化,,,,,の,ノ,ノ
92_14545.html,23,10,人間,名詞,一般,,,,,人間,ニンゲン,ニンゲン
92_14545.html,23,11,は,助詞,係助詞,,,,,は,ハ,ワ
92_14545.html,23,12,、,記号,読点,,,,,、,、,、
92_14545.html,23,13,もう,副詞,一般,,,,,もう,モウ,モー
92_14545.html,23,14,さまざま,名詞,形容動詞語幹,,,,,さまざま,サマザマ,サマザマ
92_14545.html,23,15,な,助動詞,,,,特殊・ダ,体言接続,だ,ナ,ナ
92_14545.html,23,16,地獄,名詞,一般,,,,,地獄,ジゴク,ジゴク
92_14545.html,23,17,の,助詞,連体化,,,,,の,ノ,ノ
92_14545.html,23,18,責苦,名詞,一般,,,,,責苦,セメク,セメク
92_14545.html,23,19,に,助詞,格助詞,一般,,,,に,ニ,ニ
92_14545.html,23,20,疲れはて,動詞,自立,,,一段,連用形,疲れはてる,ツカレハテ,ツカレハテ
92_14545.html,23,21,て,助詞,接続助詞,,,,,て,テ,テ
92_14545.html,23,22,、,記号,読点,,,,,、,、,、
92_14545.html,23,23,泣声,名詞,一般,,,,,泣声,泣声,泣声
92_14545.html,23,24,を,助詞,格助詞,一般,,,,を,ヲ,ヲ
92_14545.html,23,25,出す,動詞,自立,,,五段・サ行,基本形,出す,ダス,ダス
92_14545.html,23,26,力,名詞,一般,,,,,力,チカラ,チカラ
92_14545.html,23,27,さえ,助詞,係助詞,,,,,さえ,サエ,サエ
92_14545.html,23,28,なくなっ,動詞,自立,,,五段・ラ行,連用タ接続,なくなる,ナクナッ,ナクナッ
92_14545.html,23,29,て,助詞,接続助詞,,,,,て,テ,テ
92_14545.html,23,30,いる,動詞,非自立,,,一段,基本形,いる,イル,イル
92_14545.html,23,31,の,名詞,非自立,一般,,,,の,ノ,ノ
92_14545.html,23,32,で,助動詞,,,,特殊・ダ,連用形,だ,デ,デ
92_14545.html,23,33,ござい,助動詞,,,,五段・ラ行特殊,連用形,ござる,ゴザイ,ゴザイ
92_14545.html,23,34,ましょ,助動詞,,,,特殊・マス,未然ウ接続,ます,マショ,マショ
92_14545.html,23,35,う,助動詞,,,,不変化型,基本形,う,ウ,ウ
92_14545.html,23,36,。,記号,句点,,,,,。,。,。
92_14545.html,24,1,ですから,接続詞,,,,,,ですから,デスカラ,デスカラ
92_14545.html,24,2,さすが,副詞,一般,,,,,さすが,サスガ,サスガ
92_14545.html,24,3,大,接頭詞,名詞接続,,,,,大,ダイ,ダイ
92_14545.html,24,4,泥坊,名詞,一般,,,,,泥坊,ドロボウ,ドロボー
92_14545.html,24,5,の,助詞,連体化,,,,,の,ノ,ノ
92_14545.html,24,6,陀多,名詞,一般,,,,,陀多,陀多,陀多
92_14545.html,24,7,も,助詞,係助詞,,,,,も,モ,モ
92_14545.html,24,8,、,記号,読点,,,,,、,、,、
92_14545.html,24,9,やはり,副詞,一般,,,,,やはり,ヤハリ,ヤハリ
92_14545.html,24,10,血の池,名詞,一般,,,,,血の池,チノイケ,チノイケ
92_14545.html,24,11,の,助詞,連体化,,,,,の,ノ,ノ
92_14545.html,24,12,血,名詞,一般,,,,,血,チ,チ
92_14545.html,24,13,に,助詞,格助詞,一般,,,,に,ニ,ニ
92_14545.html,24,14,咽び,動詞,自立,,,五段・バ行,連用形,咽ぶ,ムセビ,ムセビ
92_14545.html,24,15,ながら,助詞,接続助詞,,,,,ながら,ナガラ,ナガラ
92_14545.html,24,16,、,記号,読点,,,,,、,、,、
92_14545.html,24,17,まるで,副詞,一般,,,,,まるで,マルデ,マルデ
92_14545.html,24,18,死に,動詞,自立,,,五段・ナ行,連用形,死ぬ,シニ,シニ
92_14545.html,24,19,かかっ,動詞,非自立,,,五段・ラ行,連用タ接続,かかる,カカッ,カカッ
92_14545.html,24,20,た,助動詞,,,,特殊・タ,基本形,た,タ,タ
92_14545.html,24,21,蛙,名詞,一般,,,,,蛙,カエル,カエル
92_14545.html,24,22,の,助詞,連体化,,,,,の,ノ,ノ
92_14545.html,24,23,よう,名詞,非自立,助動詞語幹,,,,よう,ヨウ,ヨー
92_14545.html,24,24,に,助詞,副詞化,,,,,に,ニ,ニ
92_14545.html,24,25,、,記号,読点,,,,,、,、,、
92_14545.html,24,26,ただ,接続詞,,,,,,ただ,タダ,タダ
92_14545.html,24,27,もがい,動詞,自立,,,五段・カ行イ音便,連用タ接続,もがく,モガイ,モガイ
92_14545.html,24,28,て,助詞,接続助詞,,,,,て,テ,テ
92_14545.html,24,29,ばかり,助詞,副助詞,,,,,ばかり,バカリ,バカリ
92_14545.html,24,30,居り,動詞,自立,,,五段・ラ行,連用形,居る,オリ,オリ
92_14545.html,24,31,まし,助動詞,,,,特殊・マス,連用形,ます,マシ,マシ
92_14545.html,24,32,た,助動詞,,,,特殊・タ,基本形,た,タ,タ
92_14545.html,24,33,。,記号,句点,,,,,。,。,。
92_14545.html,25,1,ところが,接続詞,,,,,,ところが,トコロガ,トコロガ
92_14545.html,25,2,ある,連体詞,,,,,,ある,アル,アル
92_14545.html,25,3,時,名詞,非自立,副詞可能,,,,時,トキ,トキ
92_14545.html,25,4,の,助詞,連体化,,,,,の,ノ,ノ
92_14545.html,25,5,事,名詞,非自立,一般,,,,事,コト,コト
92_14545.html,25,6,で,助動詞,,,,特殊・ダ,連用形,だ,デ,デ
92_14545.html,25,7,ござい,助動詞,,,,五段・ラ行特殊,連用形,ござる,ゴザイ,ゴザイ
92_14545.html,25,8,ます,助動詞,,,,特殊・マス,基本形,ます,マス,マス
92_14545.html,25,9,。,記号,句点,,,,,。,。,。
92_14545.html,26,1,何気なく,形容詞,自立,,,形容詞・アウオ段,連用テ接続,何気ない,ナニゲナク,ナニゲナク
92_14545.html,26,2,陀多,名詞,一般,,,,,陀多,陀多,陀多
92_14545.html,26,3,が,助詞,格助詞,一般,,,,が,ガ,ガ
92_14545.html,26,4,頭,名詞,一般,,,,,頭,アタマ,アタマ
92_14545.html,26,5,を,助詞,格助詞,一般,,,,を,ヲ,ヲ
92_14545.html,26,6,挙げ,動詞,自立,,,一段,連用形,挙げる,アゲ,アゲ
92_14545.html,26,7,て,助詞,接続助詞,,,,,て,テ,テ
92_14545.html,26,8,、,記号,読点,,,,,、,、,、
92_14545.html,26,9,血の池,名詞,一般,,,,,血の池,チノイケ,チノイケ
92_14545.html,26,10,の,助詞,連体化,,,,,の,ノ,ノ
92_14545.html,26,11,空,名詞,一般,,,,,空,ソラ,ソラ
92_14545.html,26,12,を,助詞,格助詞,一般,,,,を,ヲ,ヲ
92_14545.html,26,13,眺め,動詞,自立,,,一段,連用形,眺める,ナガメ,ナガメ
92_14545.html,26,14,ます,助動詞,,,,特殊・マス,基本形,ます,マス,マス
92_14545.html,26,15,と,助詞,接続助詞,,,,,と,ト,ト
92_14545.html,26,16,、,記号,読点,,,,,、,、,、
92_14545.html,26,17,その,連体詞,,,,,,その,ソノ,ソノ
92_14545.html,26,18,ひっそり,副詞,一般,,,,,ひっそり,ヒッソリ,ヒッソリ
92_14545.html,26,19,と,助詞,格助詞,引用,,,,と,ト,ト
92_14545.html,26,20,し,動詞,自立,,,サ変・スル,連用形,する,シ,シ
92_14545.html,26,21,た,助動詞,,,,特殊・タ,基本形,た,タ,タ
92_14545.html,26,22,暗,形容詞,自立,,,形容詞・アウオ段,ガル接続,暗い,クラ,クラ
92_14545.html,26,23,の,助詞,連体化,,,,,の,ノ,ノ
92_14545.html,26,24,中,名詞,非自立,副詞可能,,,,中,ナカ,ナカ
92_14545.html,26,25,を,助詞,格助詞,一般,,,,を,ヲ,ヲ
92_14545.html,26,26,、,記号,読点,,,,,、,、,、
92_14545.html,26,27,遠い,形容詞,自立,,,形容詞・アウオ段,基本形,遠い,トオイ,トーイ
92_14545.html,26,28,遠い,形容詞,自立,,,形容詞・アウオ段,基本形,遠い,トオイ,トーイ
92_14545.html,26,29,天上,名詞,一般,,,,,天上,テンジョウ,テンジョー
92_14545.html,26,30,から,助詞,格助詞,一般,,,,から,カラ,カラ
92_14545.html,26,31,、,記号,読点,,,,,、,、,、
92_14545.html,26,32,銀色,名詞,一般,,,,,銀色,ギンイロ,ギンイロ
92_14545.html,26,33,の,助詞,連体化,,,,,の,ノ,ノ
92_14545.html,26,34,蜘蛛,名詞,一般,,,,,蜘蛛,クモ,クモ
92_14545.html,26,35,の,助詞,連体化,,,,,の,ノ,ノ
92_14545.html,26,36,糸,名詞,一般,,,,,糸,イト,イト
92_14545.html,26,37,が,助詞,格助詞,一般,,,,が,ガ,ガ
92_14545.html,26,38,、,記号,読点,,,,,、,、,、
92_14545.html,26,39,まるで,副詞,一般,,,,,まるで,マルデ,マルデ
92_14545.html,26,40,人目,名詞,一般,,,,,人目,ヒトメ,ヒトメ
92_14545.html,26,41,に,助詞,格助詞,一般,,,,に,ニ,ニ
92_14545.html,26,42,かかる,動詞,自立,,,五段・ラ行,基本形,かかる,カカル,カカル
92_14545.html,26,43,の,名詞,非自立,一般,,,,の,ノ,ノ
92_14545.html,26,44,を,助詞,格助詞,一般,,,,を,ヲ,ヲ
92_14545.html,26,45,恐れる,動詞,自立,,,一段,基本形,恐れる,オソレル,オソレル
92_14545.html,26,46,よう,名詞,非自立,助動詞語幹,,,,よう,ヨウ,ヨー
92_14545.html,26,47,に,助詞,副詞化,,,,,に,ニ,ニ
92_14545.html,26,48,、,記号,読点,,,,,、,、,、
92_14545.html,26,49,一すじ,名詞,一般,,,,,一すじ,ヒトスジ,ヒトスジ
92_14545.html,26,50,細く,形容詞,自立,,,形容詞・アウオ段,連用テ接続,細い,ホソク,ホソク
92_14545.html,26,51,光り,動詞,自立,,,五段・ラ行,連用形,光る,ヒカリ,ヒカリ
92_14545.html,26,52,ながら,助詞,接続助詞,,,,,ながら,ナガラ,ナガラ
92_14545.html,26,53,、,記号,読点,,,,,、,、,、
92_14545.html,26,54,するする,副詞,一般,,,,,するする,スルスル,スルスル
92_14545.html,26,55,と,助詞,並立助詞,,,,,と,ト,ト
92_14545.html,26,56,自分,名詞,一般,,,,,自分,ジブン,ジブン
92_14545.html,26,57,の,助詞,連体化,,,,,の,ノ,ノ
92_14545.html,26,58,上,名詞,一般,,,,,上,ウエ,ウエ
92_14545.html,26,59,へ,助詞,格助詞,一般,,,,へ,ヘ,エ
92_14545.html,26,60,垂れ,動詞,自立,,,一段,連用形,垂れる,シダレ,シダレ
92_14545.html,26,61,て,助詞,接続助詞,,,,,て,テ,テ
92_14545.html,26,62,参る,動詞,非自立,,,五段・ラ行,基本形,参る,マイル,マイル
92_14545.html,26,63,の,名詞,非自立,一般,,,,の,ノ,ノ
92_14545.html,26,64,で,助動詞,,,,特殊・ダ,連用形,だ,デ,デ
92_14545.html,26,65,は,助詞,係助詞,,,,,は,ハ,ワ
92_14545.html,26,66,ござい,助動詞,,,,五段・ラ行特殊,連用形,ござる,ゴザイ,ゴザイ
92_14545.html,26,67,ませ,助動詞,,,,特殊・マス,未然形,ます,マセ,マセ
92_14545.html,26,68,ん,助動詞,,,,不変化型,基本形,ん,ン,ン
92_14545.html,26,69,か,助詞,副助詞／並立助詞／終助詞,,,,,か,カ,カ
92_14545.html,26,70,。,記号,句点,,,,,。,。,。
92_14545.html,27,1,陀多,名詞,一般,,,,,陀多,陀多,陀多
92_14545.html,27,2,は,助詞,係助詞,,,,,は,ハ,ワ
92_14545.html,27,3,これ,名詞,代名詞,一般,,,,これ,コレ,コレ
92_14545.html,27,4,を,助詞,格助詞,一般,,,,を,ヲ,ヲ
92_14545.html,27,5,見る,動詞,自立,,,一段,基本形,見る,ミル,ミル
92_14545.html,27,6,と,助詞,接続助詞,,,,,と,ト,ト
92_14545.html,27,7,、,記号,読点,,,,,、,、,、
92_14545.html,27,8,思わず,副詞,一般,,,,,思わず,オモワズ,オモワズ
92_14545.html,27,9,手,名詞,一般,,,,,手,テ,テ
92_14545.html,27,10,を,助詞,格助詞,一般,,,,を,ヲ,ヲ
92_14545.html,27,11,拍,名詞,接尾,助数詞,,,,拍,ハク,ハク
92_14545.html,27,12,って,助詞,格助詞,連語,,,,って,ッテ,ッテ
92_14545.html,27,13,喜び,動詞,自立,,,五段・バ行,連用形,喜ぶ,ヨロコビ,ヨロコビ
92_14545.html,27,14,まし,助動詞,,,,特殊・マス,連用形,ます,マシ,マシ
92_14545.html,27,15,た,助動詞,,,,特殊・タ,基本形,た,タ,タ
92_14545.html,27,16,。,記号,句点,,,,,。,。,。
92_14545.html,28,1,この,連体詞,,,,,,この,コノ,コノ
92_14545.html,28,2,糸,名詞,一般,,,,,糸,イト,イト
92_14545.html,28,3,に,助詞,格助詞,一般,,,,に,ニ,ニ
92_14545.html,28,4,縋り,動詞,自立,,,五段・ラ行,連用形,縋る,スガリ,スガリ
92_14545.html,28,5,ついて,動詞,自立,,,一段,連用形,ついてる,ツイテ,ツイテ
92_14545.html,28,6,、,記号,読点,,,,,、,、,、
92_14545.html,28,7,どこ,名詞,代名詞,一般,,,,どこ,ドコ,ドコ
92_14545.html,28,8,まで,助詞,副助詞,,,,,まで,マデ,マデ
92_14545.html,28,9,も,助詞,係助詞,,,,,も,モ,モ
92_14545.html,28,10,のぼっ,動詞,自立,,,五段・ラ行,連用タ接続,のぼる,ノボッ,ノボッ
92_14545.html,28,11,て,助詞,接続助詞,,,,,て,テ,テ
92_14545.html,28,12,行け,動詞,非自立,,,五段・カ行促音便,仮定形,行く,イケ,イケ
92_14545.html,28,13,ば,助詞,接続助詞,,,,,ば,バ,バ
92_14545.html,28,14,、,記号,読点,,,,,、,、,、
92_14545.html,28,15,きっと,副詞,一般,,,,,きっと,キット,キット
92_14545.html,28,16,地獄,名詞,一般,,,,,地獄,ジゴク,ジゴク
92_14545.html,28,17,から,助詞,格助詞,一般,,,,から,カラ,カラ
92_14545.html,28,18,ぬけ,動詞,自立,,,一段,連用形,ぬける,ヌケ,ヌケ
92_14545.html,28,19,出せる,動詞,自立,,,一段,基本形,出せる,ダセル,ダセル
92_14545.html,28,20,の,名詞,非自立,一般,,,,の,ノ,ノ
92_14545.html,28,21,に,助詞,格助詞,一般,,,,に,ニ,ニ
92_14545.html,28,22,相違,名詞,サ変接続,,,,,相違,ソウイ,ソーイ
92_14545.html,28,23,ござい,助動詞,,,,五段・ラ行特殊,連用形,ござる,ゴザイ,ゴザイ
92_14545.html,28,24,ませ,助動詞,,,,特殊・マス,未然形,ます,マセ,マセ
92_14545.html,28,25,ん,助動詞,,,,不変化型,基本形,ん,ン,ン
92_14545.html,28,26,。,記号,句点,,,,,。,。,。
92_14545.html,29,1,いや,接続詞,,,,,,いや,イヤ,イヤ
92_14545.html,29,2,、,記号,読点,,,,,、,、,、
92_14545.html,29,3,うまく,形容詞,自立,,,形容詞・アウオ段,連用テ接続,うまい,ウマク,ウマク
92_14545.html,29,4,行く,動詞,自立,,,五段・カ行促音便,基本形,行く,イク,イク
92_14545.html,29,5,と,助詞,接続助詞,,,,,と,ト,ト
92_14545.html,29,6,、,記号,読点,,,,,、,、,、
92_14545.html,29,7,極楽,名詞,一般,,,,,極楽,ゴクラク,ゴクラク
92_14545.html,29,8,へ,助詞,格助詞,一般,,,,へ,ヘ,エ
92_14545.html,29,9,はいる,動詞,自立,,,五段・ラ行,基本形,はいる,ハイル,ハイル
92_14545.html,29,10,事,名詞,非自立,一般,,,,事,コト,コト
92_14545.html,29,11,さえ,助詞,係助詞,,,,,さえ,サエ,サエ
92_14545.html,29,12,も,助詞,係助詞,,,,,も,モ,モ
92_14545.html,29,13,出来,動詞,自立,,,一段,連用形,出来る,デキ,デキ
92_14545.html,29,14,ましょ,助動詞,,,,特殊・マス,未然ウ接続,ます,マショ,マショ
92_14545.html,29,15,う,助動詞,,,,不変化型,基本形,う,ウ,ウ
92_14545.html,29,16,。,記号,句点,,,,,。,。,。
92_14545.html,30,1,そう,副詞,助詞類接続,,,,,そう,ソウ,ソー
92_14545.html,30,2,すれ,動詞,自立,,,サ変・スル,仮定形,する,スレ,スレ
92_14545.html,30,3,ば,助詞,接続助詞,,,,,ば,バ,バ
92_14545.html,30,4,、,記号,読点,,,,,、,、,、
92_14545.html,30,5,もう,副詞,一般,,,,,もう,モウ,モー
92_14545.html,30,6,針,名詞,一般,,,,,針,ハリ,ハリ
92_14545.html,30,7,の,助詞,連体化,,,,,の,ノ,ノ
92_14545.html,30,8,山,名詞,一般,,,,,山,ヤマ,ヤマ
92_14545.html,30,9,へ,助詞,格助詞,一般,,,,へ,ヘ,エ
92_14545.html,30,10,追い上げ,動詞,自立,,,一段,未然形,追い上げる,オイアゲ,オイアゲ
92_14545.html,30,11,られる,動詞,接尾,,,一段,基本形,られる,ラレル,ラレル
92_14545.html,30,12,事,名詞,非自立,一般,,,,事,コト,コト
92_14545.html,30,13,も,助詞,係助詞,,,,,も,モ,モ
92_14545.html,30,14,なくなれ,動詞,自立,,,五段・ラ行,仮定形,なくなる,ナクナレ,ナクナレ
92_14545.html,30,15,ば,助詞,接続助詞,,,,,ば,バ,バ
92_14545.html,30,16,、,記号,読点,,,,,、,、,、
92_14545.html,30,17,血の池,名詞,一般,,,,,血の池,チノイケ,チノイケ
92_14545.html,30,18,に,助詞,格助詞,一般,,,,に,ニ,ニ
92_14545.html,30,19,沈め,動詞,自立,,,一段,未然形,沈める,シズメ,シズメ
92_14545.html,30,20,られる,動詞,接尾,,,一段,基本形,られる,ラレル,ラレル
92_14545.html,30,21,事,名詞,非自立,一般,,,,事,コト,コト
92_14545.html,30,22,も,助詞,係助詞,,,,,も,モ,モ
92_14545.html,30,23,ある,動詞,自立,,,五段・ラ行,基本形,ある,アル,アル
92_14545.html,30,24,筈,名詞,非自立,一般,,,,筈,ハズ,ハズ
92_14545.html,30,25,は,助詞,係助詞,,,,,は,ハ,ワ
92_14545.html,30,26,ござい,助動詞,,,,五段・ラ行特殊,連用形,ござる,ゴザイ,ゴザイ
92_14545.html,30,27,ませ,助動詞,,,,特殊・マス,未然形,ます,マセ,マセ
92_14545.html,30,28,ん,助動詞,,,,不変化型,基本形,ん,ン,ン
92_14545.html,30,29,。,記号,句点,,,,,。,。,。
92_14545.html,31,1,こう,副詞,一般,,,,,こう,コウ,コー
92_14545.html,31,2,思い,動詞,自立,,,五段・ワ行促音便,連用形,思う,オモイ,オモイ
92_14545.html,31,3,まし,助動詞,,,,特殊・マス,連用形,ます,マシ,マシ
92_14545.html,31,4,た,助動詞,,,,特殊・タ,基本形,た,タ,タ
92_14545.html,31,5,から,助詞,接続助詞,,,,,から,カラ,カラ
92_14545.html,31,6,陀多,名詞,一般,,,,,陀多,陀多,陀多
92_14545.html,31,7,は,助詞,係助詞,,,,,は,ハ,ワ
92_14545.html,31,8,、,記号,読点,,,,,、,、,、
92_14545.html,31,9,早速,副詞,助詞類接続,,,,,早速,サッソク,サッソク
92_14545.html,31,10,その,連体詞,,,,,,その,ソノ,ソノ
92_14545.html,31,11,蜘蛛,名詞,一般,,,,,蜘蛛,クモ,クモ
92_14545.html,31,12,の,助詞,連体化,,,,,の,ノ,ノ
92_14545.html,31,13,糸,名詞,一般,,,,,糸,イト,イト
92_14545.html,31,14,を,助詞,格助詞,一般,,,,を,ヲ,ヲ
92_14545.html,31,15,両手,名詞,一般,,,,,両手,リョウテ,リョーテ
92_14545.html,31,16,で,助詞,格助詞,一般,,,,で,デ,デ
92_14545.html,31,17,しっかり,副詞,一般,,,,,しっかり,シッカリ,シッカリ
92_14545.html,31,18,と,助詞,格助詞,引用,,,,と,ト,ト
92_14545.html,31,19,つかみ,動詞,自立,,,五段・マ行,連用形,つかむ,ツカミ,ツカミ
92_14545.html,31,20,ながら,助詞,接続助詞,,,,,ながら,ナガラ,ナガラ
92_14545.html,31,21,、,記号,読点,,,,,、,、,、
92_14545.html,31,22,一生懸命,名詞,副詞可能,,,,,一生懸命,イッショウケンメイ,イッショーケンメイ
92_14545.html,31,23,に,助詞,格助詞,一般,,,,に,ニ,ニ
92_14545.html,31,24,上,名詞,一般,,,,,上,ウエ,ウエ
92_14545.html,31,25,へ,助詞,格助詞,一般,,,,へ,ヘ,エ
92_14545.html,31,26,上,名詞,一般,,,,,上,ウエ,ウエ
92_14545.html,31,27,へ,助詞,格助詞,一般,,,,へ,ヘ,エ
92_14545.html,31,28,と,助詞,格助詞,引用,,,,と,ト,ト
92_14545.html,31,29,たぐり,動詞,自立,,,五段・ラ行,連用形,たぐる,タグリ,タグリ
92_14545.html,31,30,のぼり,動詞,自立,,,五段・ラ行,連用形,のぼる,ノボリ,ノボリ
92_14545.html,31,31,始め,動詞,非自立,,,一段,連用形,始める,ハジメ,ハジメ
92_14545.html,31,32,まし,助動詞,,,,特殊・マス,連用形,ます,マシ,マシ
92_14545.html,31,33,た,助動詞,,,,特殊・タ,基本形,た,タ,タ
92_14545.html,31,34,。,記号,句点,,,,,。,。,。
92_14545.html,32,1,元より,副詞,一般,,,,,元より,モトヨリ,モトヨリ
92_14545.html,32,2,大,接頭詞,名詞接続,,,,,大,ダイ,ダイ
92_14545.html,32,3,泥坊,名詞,一般,,,,,泥坊,ドロボウ,ドロボー
92_14545.html,32,4,の,助詞,連体化,,,,,の,ノ,ノ
92_14545.html,32,5,事,名詞,非自立,一般,,,,事,コト,コト
92_14545.html,32,6,で,助動詞,,,,特殊・ダ,連用形,だ,デ,デ
92_14545.html,32,7,ござい,助動詞,,,,五段・ラ行特殊,連用形,ござる,ゴザイ,ゴザイ
92_14545.html,32,8,ます,助動詞,,,,特殊・マス,基本形,ます,マス,マス
92_14545.html,32,9,から,助詞,接続助詞,,,,,から,カラ,カラ
92_14545.html,32,10,、,記号,読点,,,,,、,、,、
92_14545.html,32,11,こう,副詞,一般,,,,,こう,コウ,コー
92_14545.html,32,12,云う,動詞,自立,,,五段・ワ行促音便,基本形,云う,イウ,イウ
92_14545.html,32,13,事,名詞,非自立,一般,,,,事,コト,コト
92_14545.html,32,14,に,助詞,格助詞,一般,,,,に,ニ,ニ
92_14545.html,32,15,は,助詞,係助詞,,,,,は,ハ,ワ
92_14545.html,32,16,昔,名詞,副詞可能,,,,,昔,ムカシ,ムカシ
92_14545.html,32,17,から,助詞,格助詞,一般,,,,から,カラ,カラ
92_14545.html,32,18,、,記号,読点,,,,,、,、,、
92_14545.html,32,19,慣れ,動詞,自立,,,一段,連用形,慣れる,ナレ,ナレ
92_14545.html,32,20,切っ,動詞,非自立,,,五段・ラ行,連用タ接続,切る,キッ,キッ
92_14545.html,32,21,て,助詞,接続助詞,,,,,て,テ,テ
92_14545.html,32,22,いる,動詞,非自立,,,一段,基本形,いる,イル,イル
92_14545.html,32,23,の,名詞,非自立,一般,,,,の,ノ,ノ
92_14545.html,32,24,で,助動詞,,,,特殊・ダ,連用形,だ,デ,デ
92_14545.html,32,25,ござい,助動詞,,,,五段・ラ行特殊,連用形,ござる,ゴザイ,ゴザイ
92_14545.html,32,26,ます,助動詞,,,,特殊・マス,基本形,ます,マス,マス
92_14545.html,32,27,。,記号,句点,,,,,。,。,。
92_14545.html,33,1,しかし,接続詞,,,,,,しかし,シカシ,シカシ
92_14545.html,33,2,地獄,名詞,一般,,,,,地獄,ジゴク,ジゴク
92_14545.html,33,3,と,助詞,並立助詞,,,,,と,ト,ト
92_14545.html,33,4,極楽,名詞,一般,,,,,極楽,ゴクラク,ゴクラク
92_14545.html,33,5,と,助詞,格助詞,一般,,,,と,ト,ト
92_14545.html,33,6,の,助詞,連体化,,,,,の,ノ,ノ
92_14545.html,33,7,間,名詞,一般,,,,,間,マ,マ
92_14545.html,33,8,は,助詞,係助詞,,,,,は,ハ,ワ
92_14545.html,33,9,、,記号,読点,,,,,、,、,、
92_14545.html,33,10,何,名詞,代名詞,一般,,,,何,ナニ,ナニ
92_14545.html,33,11,万,名詞,数,,,,,万,マン,マン
92_14545.html,33,12,里,名詞,接尾,助数詞,,,,里,リ,リ
92_14545.html,33,13,と,助詞,格助詞,引用,,,,と,ト,ト
92_14545.html,33,14,なく,形容詞,自立,,,形容詞・アウオ段,連用テ接続,ない,ナク,ナク
92_14545.html,33,15,ござい,助動詞,,,,五段・ラ行特殊,連用形,ござる,ゴザイ,ゴザイ
92_14545.html,33,16,ます,助動詞,,,,特殊・マス,基本形,ます,マス,マス
92_14545.html,33,17,から,助詞,接続助詞,,,,,から,カラ,カラ
92_14545.html,33,18,、,記号,読点,,,,,、,、,、
92_14545.html,33,19,いくら,副詞,一般,,,,,いくら,イクラ,イクラ
92_14545.html,33,20,焦っ,動詞,自立,,,五段・ラ行,連用タ接続,焦る,アセッ,アセッ
92_14545.html,33,21,て,助詞,接続助詞,,,,,て,テ,テ
92_14545.html,33,22,見,動詞,自立,,,一段,連用形,見る,ミ,ミ
92_14545.html,33,23,た,助動詞,,,,特殊・タ,基本形,た,タ,タ
92_14545.html,33,24,所,名詞,非自立,副詞可能,,,,所,トコロ,トコロ
92_14545.html,33,25,で,助詞,格助詞,一般,,,,で,デ,デ
92_14545.html,33,26,、,記号,読点,,,,,、,、,、
92_14545.html,33,27,容易,名詞,形容動詞語幹,,,,,容易,ヨウイ,ヨーイ
92_14545.html,33,28,に,助詞,副詞化,,,,,に,ニ,ニ
92_14545.html,33,29,上,名詞,一般,,,,,上,ウエ,ウエ
92_14545.html,33,30,へ,助詞,格助詞,一般,,,,へ,ヘ,エ
92_14545.html,33,31,は,助詞,係助詞,,,,,は,ハ,ワ
92_14545.html,33,32,出,動詞,自立,,,一段,未然形,出る,デ,デ
92_14545.html,33,33,られ,動詞,接尾,,,一段,連用形,られる,ラレ,ラレ
92_14545.html,33,34,ませ,助動詞,,,,特殊・マス,未然形,ます,マセ,マセ
92_14545.html,33,35,ん,助動詞,,,,不変化型,基本形,ん,ン,ン
92_14545.html,33,36,。,記号,句点,,,,,。,。,。
92_14545.html,34,1,やや,副詞,一般,,,,,やや,ヤヤ,ヤヤ
92_14545.html,34,2,しばらく,副詞,助詞類接続,,,,,しばらく,シバラク,シバラク
92_14545.html,34,3,のぼる,動詞,自立,,,五段・ラ行,基本形,のぼる,ノボル,ノボル
92_14545.html,34,4,中,名詞,非自立,副詞可能,,,,中,ナカ,ナカ
92_14545.html,34,5,に,助詞,格助詞,一般,,,,に,ニ,ニ
92_14545.html,34,6,、,記号,読点,,,,,、,、,、
92_14545.html,34,7,とうとう,副詞,一般,,,,,とうとう,トウトウ,トートー
92_14545.html,34,8,陀多,名詞,一般,,,,,陀多,陀多,陀多
92_14545.html,34,9,も,助詞,係助詞,,,,,も,モ,モ
92_14545.html,34,10,くたびれ,動詞,自立,,,一段,連用形,くたびれる,クタビレ,クタビレ
92_14545.html,34,11,て,助詞,接続助詞,,,,,て,テ,テ
92_14545.html,34,12,、,記号,読点,,,,,、,、,、
92_14545.html,34,13,もう,副詞,一般,,,,,もう,モウ,モー
92_14545.html,34,14,一,名詞,数,,,,,一,イチ,イチ
92_14545.html,34,15,たぐり,動詞,自立,,,五段・ラ行,連用形,たぐる,タグリ,タグリ
92_14545.html,34,16,も,助詞,係助詞,,,,,も,モ,モ
92_14545.html,34,17,上,名詞,一般,,,,,上,ウエ,ウエ
92_14545.html,34,18,の,助詞,連体化,,,,,の,ノ,ノ
92_14545.html,34,19,方,名詞,非自立,一般,,,,方,ホウ,ホー
92_14545.html,34,20,へ,助詞,格助詞,一般,,,,へ,ヘ,エ
92_14545.html,34,21,は,助詞,係助詞,,,,,は,ハ,ワ
92_14545.html,34,22,のぼれ,動詞,自立,,,一段,未然形,のぼれる,ノボレ,ノボレ
92_14545.html,34,23,なく,助動詞,,,,特殊・ナイ,連用テ接続,ない,ナク,ナク
92_14545.html,34,24,なっ,動詞,自立,,,五段・ラ行,連用タ接続,なる,ナッ,ナッ
92_14545.html,34,25,て,助詞,接続助詞,,,,,て,テ,テ
92_14545.html,34,26,しまい,動詞,非自立,,,五段・ワ行促音便,連用形,しまう,シマイ,シマイ
92_14545.html,34,27,まし,助動詞,,,,特殊・マス,連用形,ます,マシ,マシ
92_14545.html,34,28,た,助動詞,,,,特殊・タ,基本形,た,タ,タ
92_14545.html,34,29,。,記号,句点,,,,,。,。,。
92_14545.html,35,1,そこで,接続詞,,,,,,そこで,ソコデ,ソコデ
92_14545.html,35,2,仕方,名詞,ナイ形容詞語幹,,,,,仕方,シカタ,シカタ
92_14545.html,35,3,が,助詞,格助詞,一般,,,,が,ガ,ガ
92_14545.html,35,4,ござい,動詞,自立,,,五段・ラ行特殊,連用形,ござる,ゴザイ,ゴザイ
92_14545.html,35,5,ませ,助動詞,,,,特殊・マス,未然形,ます,マセ,マセ
92_14545.html,35,6,ん,助動詞,,,,不変化型,基本形,ん,ン,ン
92_14545.html,35,7,から,助詞,接続助詞,,,,,から,カラ,カラ
92_14545.html,35,8,、,記号,読点,,,,,、,、,、
92_14545.html,35,9,まず,副詞,一般,,,,,まず,マズ,マズ
92_14545.html,35,10,一休み,名詞,サ変接続,,,,,一休み,ヒトヤスミ,ヒトヤスミ
92_14545.html,35,11,休む,動詞,自立,,,五段・マ行,基本形,休む,ヤスム,ヤスム
92_14545.html,35,12,つもり,名詞,非自立,一般,,,,つもり,ツモリ,ツモリ
92_14545.html,35,13,で,助動詞,,,,特殊・ダ,連用形,だ,デ,デ
92_14545.html,35,14,、,記号,読点,,,,,、,、,、
92_14545.html,35,15,糸,名詞,一般,,,,,糸,イト,イト
92_14545.html,35,16,の,助詞,連体化,,,,,の,ノ,ノ
92_14545.html,35,17,中途,名詞,一般,,,,,中途,チュウト,チュート
92_14545.html,35,18,に,助詞,格助詞,一般,,,,に,ニ,ニ
92_14545.html,35,19,ぶら,動詞,自立,,,五段・ラ行,未然形,ぶる,ブラ,ブラ
92_14545.html,35,20,下り,動詞,自立,,,一段,連用形,下りる,オリ,オリ
92_14545.html,35,21,ながら,助詞,接続助詞,,,,,ながら,ナガラ,ナガラ
92_14545.html,35,22,、,記号,読点,,,,,、,、,、
92_14545.html,35,23,遥か,名詞,形容動詞語幹,,,,,遥か,ハルカ,ハルカ
92_14545.html,35,24,に,助詞,副詞化,,,,,に,ニ,ニ
92_14545.html,35,25,目の下,名詞,一般,,,,,目の下,メノシタ,メノシタ
92_14545.html,35,26,を,助詞,格助詞,一般,,,,を,ヲ,ヲ
92_14545.html,35,27,見下し,動詞,自立,,,五段・サ行,連用形,見下す,ミクダシ,ミクダシ
92_14545.html,35,28,まし,助動詞,,,,特殊・マス,連用形,ます,マシ,マシ
92_14545.html,35,29,た,助動詞,,,,特殊・タ,基本形,た,タ,タ
92_14545.html,35,30,。,記号,句点,,,,,。,。,。
92_14545.html,36,1,すると,接続詞,,,,,,すると,スルト,スルト
92_14545.html,36,2,、,記号,読点,,,,,、,、,、
92_14545.html,36,3,一生懸命,名詞,副詞可能,,,,,一生懸命,イッショウケンメイ,イッショーケンメイ
92_14545.html,36,4,に,助詞,格助詞,一般,,,,に,ニ,ニ
92_14545.html,36,5,のぼっ,動詞,自立,,,五段・ラ行,連用タ接続,のぼる,ノボッ,ノボッ
92_14545.html,36,6,た,助動詞,,,,特殊・タ,基本形,た,タ,タ
92_14545.html,36,7,甲斐,名詞,一般,,,,,甲斐,カイ,カイ
92_14545.html,36,8,が,助詞,格助詞,一般,,,,が,ガ,ガ
92_14545.html,36,9,あっ,動詞,自立,,,五段・ラ行,連用タ接続,ある,アッ,アッ
92_14545.html,36,10,て,助詞,接続助詞,,,,,て,テ,テ
92_14545.html,36,11,、,記号,読点,,,,,、,、,、
92_14545.html,36,12,さっき,名詞,副詞可能,,,,,さっき,サッキ,サッキ
92_14545.html,36,13,まで,助詞,副助詞,,,,,まで,マデ,マデ
92_14545.html,36,14,自分,名詞,一般,,,,,自分,ジブン,ジブン
92_14545.html,36,15,が,助詞,格助詞,一般,,,,が,ガ,ガ
92_14545.html,36,16,い,動詞,自立,,,一段,連用形,いる,イ,イ
92_14545.html,36,17,た,助動詞,,,,特殊・タ,基本形,た,タ,タ
92_14545.html,36,18,血の池,名詞,一般,,,,,血の池,チノイケ,チノイケ
92_14545.html,36,19,は,助詞,係助詞,,,,,は,ハ,ワ
92_14545.html,36,20,、,記号,読点,,,,,、,、,、
92_14545.html,36,21,今,名詞,副詞可能,,,,,今,イマ,イマ
92_14545.html,36,22,で,助詞,格助詞,一般,,,,で,デ,デ
92_14545.html,36,23,は,助詞,係助詞,,,,,は,ハ,ワ
92_14545.html,36,24,もう,副詞,一般,,,,,もう,モウ,モー
92_14545.html,36,25,暗,形容詞,自立,,,形容詞・アウオ段,ガル接続,暗い,クラ,クラ
92_14545.html,36,26,の,助詞,連体化,,,,,の,ノ,ノ
92_14545.html,36,27,底,名詞,一般,,,,,底,ソコ,ソコ
92_14545.html,36,28,に,助詞,格助詞,一般,,,,に,ニ,ニ
92_14545.html,36,29,いつの間にか,副詞,一般,,,,,いつの間にか,イツノマニカ,イツノマニカ
92_14545.html,36,30,かくれ,動詞,自立,,,一段,連用形,かくれる,カクレ,カクレ
92_14545.html,36,31,て,助詞,接続助詞,,,,,て,テ,テ
92_14545.html,36,32,居り,動詞,自立,,,五段・ラ行,連用形,居る,オリ,オリ
92_14545.html,36,33,ます,助動詞,,,,特殊・マス,基本形,ます,マス,マス
92_14545.html,36,34,。,記号,句点,,,,,。,。,。
92_14545.html,37,1,それから,接続詞,,,,,,それから,ソレカラ,ソレカラ
92_14545.html,37,2,あの,フィラー,,,,,,あの,アノ,アノ
92_14545.html,37,3,ぼんやり,副詞,一般,,,,,ぼんやり,ボンヤリ,ボンヤリ
92_14545.html,37,4,光っ,動詞,自立,,,五段・ラ行,連用タ接続,光る,ヒカッ,ヒカッ
92_14545.html,37,5,て,助詞,接続助詞,,,,,て,テ,テ
92_14545.html,37,6,いる,動詞,非自立,,,一段,基本形,いる,イル,イル
92_14545.html,37,7,恐し,形容詞,自立,,,形容詞・アウオ段,文語基本形,恐い,コワシ,コワシ
92_14545.html,37,8,い,動詞,非自立,,,一段,連用形,いる,イ,イ
92_14545.html,37,9,針,名詞,一般,,,,,針,ハリ,ハリ
92_14545.html,37,10,の,助詞,連体化,,,,,の,ノ,ノ
92_14545.html,37,11,山,名詞,一般,,,,,山,ヤマ,ヤマ
92_14545.html,37,12,も,助詞,係助詞,,,,,も,モ,モ
92_14545.html,37,13,、,記号,読点,,,,,、,、,、
92_14545.html,37,14,足,名詞,一般,,,,,足,アシ,アシ
92_14545.html,37,15,の,助詞,連体化,,,,,の,ノ,ノ
92_14545.html,37,16,下,名詞,一般,,,,,下,シタ,シタ
92_14545.html,37,17,に,助詞,格助詞,一般,,,,に,ニ,ニ
92_14545.html,37,18,なっ,動詞,自立,,,五段・ラ行,連用タ接続,なる,ナッ,ナッ
92_14545.html,37,19,て,助詞,接続助詞,,,,,て,テ,テ
92_14545.html,37,20,しまい,動詞,非自立,,,五段・ワ行促音便,連用形,しまう,シマイ,シマイ
92_14545.html,37,21,まし,助動詞,,,,特殊・マス,連用形,ます,マシ,マシ
92_14545.html,37,22,た,助動詞,,,,特殊・タ,基本形,た,タ,タ
92_14545.html,37,23,。,記号,句点,,,,,。,。,。
92_14545.html,38,1,この分,名詞,一般,,,,,この分,コノブン,コノブン
92_14545.html,38,2,で,助詞,格助詞,一般,,,,で,デ,デ
92_14545.html,38,3,のぼっ,動詞,自立,,,五段・ラ行,連用タ接続,のぼる,ノボッ,ノボッ
92_14545.html,38,4,て,助詞,接続助詞,,,,,て,テ,テ
92_14545.html,38,5,行け,動詞,非自立,,,五段・カ行促音便,仮定形,行く,イケ,イケ
92_14545.html,38,6,ば,助詞,接続助詞,,,,,ば,バ,バ
92_14545.html,38,7,、,記号,読点,,,,,、,、,、
92_14545.html,38,8,地獄,名詞,一般,,,,,地獄,ジゴク,ジゴク
92_14545.html,38,9,から,助詞,格助詞,一般,,,,から,カラ,カラ
92_14545.html,38,10,ぬけ,動詞,自立,,,一段,連用形,ぬける,ヌケ,ヌケ
92_14545.html,38,11,出す,動詞,非自立,,,五段・サ行,基本形,出す,ダス,ダス
92_14545.html,38,12,の,名詞,非自立,一般,,,,の,ノ,ノ
92_14545.html,38,13,も,助詞,係助詞,,,,,も,モ,モ
92_14545.html,38,14,、,記号,読点,,,,,、,、,、
92_14545.html,38,15,存外,名詞,形容動詞語幹,,,,,存外,ゾンガイ,ゾンガイ
92_14545.html,38,16,わけ,名詞,非自立,一般,,,,わけ,ワケ,ワケ
92_14545.html,38,17,が,助詞,格助詞,一般,,,,が,ガ,ガ
92_14545.html,38,18,ない,形容詞,自立,,,形容詞・アウオ段,基本形,ない,ナイ,ナイ
92_14545.html,38,19,かも,助詞,副助詞,,,,,かも,カモ,カモ
92_14545.html,38,20,知れ,動詞,自立,,,一段,連用形,知れる,シレ,シレ
92_14545.html,38,21,ませ,助動詞,,,,特殊・マス,未然形,ます,マセ,マセ
92_14545.html,38,22,ん,助動詞,,,,不変化型,基本形,ん,ン,ン
92_14545.html,38,23,。,記号,句点,,,,,。,。,。
92_14545.html,39,1,陀多,名詞,一般,,,,,陀多,陀多,陀多
92_14545.html,39,2,は,助詞,係助詞,,,,,は,ハ,ワ
92_14545.html,39,3,両手,名詞,一般,,,,,両手,リョウテ,リョーテ
92_14545.html,39,4,を,助詞,格助詞,一般,,,,を,ヲ,ヲ
92_14545.html,39,5,蜘蛛,名詞,一般,,,,,蜘蛛,クモ,クモ
92_14545.html,39,6,の,助詞,連体化,,,,,の,ノ,ノ
92_14545.html,39,7,糸,名詞,一般,,,,,糸,イト,イト
92_14545.html,39,8,に,助詞,格助詞,一般,,,,に,ニ,ニ
92_14545.html,39,9,からみ,動詞,自立,,,五段・マ行,連用形,からむ,カラミ,カラミ
92_14545.html,39,10,ながら,助詞,接続助詞,,,,,ながら,ナガラ,ナガラ
92_14545.html,39,11,、,記号,読点,,,,,、,、,、
92_14545.html,39,12,ここ,名詞,代名詞,一般,,,,ここ,ココ,ココ
92_14545.html,39,13,へ,助詞,格助詞,一般,,,,へ,ヘ,エ
92_14545.html,39,14,来,動詞,自立,,,カ変・来ル,連用形,来る,キ,キ
92_14545.html,39,15,て,助詞,接続助詞,,,,,て,テ,テ
92_14545.html,39,16,から,助詞,格助詞,一般,,,,から,カラ,カラ
92_14545.html,39,17,何,名詞,数,,,,,何,ナン,ナン
92_14545.html,39,18,年,名詞,接尾,助数詞,,,,年,ネン,ネン
92_14545.html,39,19,に,助詞,格助詞,一般,,,,に,ニ,ニ
92_14545.html,39,20,も,助詞,係助詞,,,,,も,モ,モ
92_14545.html,39,21,出し,動詞,自立,,,五段・サ行,連用形,出す,ダシ,ダシ
92_14545.html,39,22,た,助動詞,,,,特殊・タ,基本形,た,タ,タ
92_14545.html,39,23,事,名詞,非自立,一般,,,,事,コト,コト
92_14545.html,39,24,の,助詞,格助詞,一般,,,,の,ノ,ノ
92_14545.html,39,25,ない,形容詞,自立,,,形容詞・アウオ段,基本形,ない,ナイ,ナイ
92_14545.html,39,26,声,名詞,一般,,,,,声,コエ,コエ
92_14545.html,39,27,で,助詞,格助詞,一般,,,,で,デ,デ
92_14545.html,39,28,、,記号,読点,,,,,、,、,、
92_14545.html,40,1,「,記号,括弧開,,,,,「,「,「
92_14545.html,40,2,しめ,動詞,自立,,,一段,連用形,しめる,シメ,シメ
92_14545.html,40,3,た,助動詞,,,,特殊・タ,基本形,た,タ,タ
92_14545.html,40,4,。,記号,句点,,,,,。,。,。
92_14545.html,41,1,しめ,動詞,自立,,,一段,連用形,しめる,シメ,シメ
92_14545.html,41,2,た,助動詞,,,,特殊・タ,基本形,た,タ,タ
92_14545.html,41,3,。,記号,句点,,,,,。,。,。
92_14545.html,41,4,」,記号,括弧閉,,,,,」,」,」
92_14545.html,42,1,と,助詞,格助詞,引用,,,,と,ト,ト
92_14545.html,42,2,笑い,動詞,自立,,,五段・ワ行促音便,連用形,笑う,ワライ,ワライ
92_14545.html,42,3,まし,助動詞,,,,特殊・マス,連用形,ます,マシ,マシ
92_14545.html,42,4,た,助動詞,,,,特殊・タ,基本形,た,タ,タ
92_14545.html,42,5,。,記号,句点,,,,,。,。,。
92_14545.html,43,1,ところが,接続詞,,,,,,ところが,トコロガ,トコロガ
92_14545.html,43,2,ふと,副詞,一般,,,,,ふと,フト,フト
92_14545.html,43,3,気がつき,動詞,自立,,,五段・カ行イ音便,連用形,気がつく,キガツキ,キガツキ
92_14545.html,43,4,ます,助動詞,,,,特殊・マス,基本形,ます,マス,マス
92_14545.html,43,5,と,助詞,接続助詞,,,,,と,ト,ト
92_14545.html,43,6,、,記号,読点,,,,,、,、,、
92_14545.html,43,7,蜘蛛,名詞,一般,,,,,蜘蛛,クモ,クモ
92_14545.html,43,8,の,助詞,連体化,,,,,の,ノ,ノ
92_14545.html,43,9,糸,名詞,一般,,,,,糸,イト,イト
92_14545.html,43,10,の,助詞,連体化,,,,,の,ノ,ノ
92_14545.html,43,11,下,名詞,一般,,,,,下,シタ,シタ
92_14545.html,43,12,の,助詞,連体化,,,,,の,ノ,ノ
92_14545.html,43,13,方,名詞,非自立,一般,,,,方,ホウ,ホー
92_14545.html,43,14,に,助詞,格助詞,一般,,,,に,ニ,ニ
92_14545.html,43,15,は,助詞,係助詞,,,,,は,ハ,ワ
92_14545.html,43,16,、,記号,読点,,,,,、,、,、
92_14545.html,43,17,数,名詞,数,,,,,数,スウ,スー
92_14545.html,43,18,限,名詞,接尾,助数詞,,,,限,ゲン,ゲン
92_14545.html,43,19,も,助詞,係助詞,,,,,も,モ,モ
92_14545.html,43,20,ない,形容詞,自立,,,形容詞・アウオ段,基本形,ない,ナイ,ナイ
92_14545.html,43,21,罪人,名詞,一般,,,,,罪人,ザイニン,ザイニン
92_14545.html,43,22,たち,名詞,接尾,一般,,,,たち,タチ,タチ
92_14545.html,43,23,が,助詞,格助詞,一般,,,,が,ガ,ガ
92_14545.html,43,24,、,記号,読点,,,,,、,、,、
92_14545.html,43,25,自分,名詞,一般,,,,,自分,ジブン,ジブン
92_14545.html,43,26,の,助詞,格助詞,一般,,,,の,ノ,ノ
92_14545.html,43,27,のぼっ,動詞,自立,,,五段・ラ行,連用タ接続,のぼる,ノボッ,ノボッ
92_14545.html,43,28,た,助動詞,,,,特殊・タ,基本形,た,タ,タ
92_14545.html,43,29,後,名詞,非自立,副詞可能,,,,後,ノチ,ノチ
92_14545.html,43,30,を,助詞,格助詞,一般,,,,を,ヲ,ヲ
92_14545.html,43,31,つけ,動詞,自立,,,一段,連用形,つける,ツケ,ツケ
92_14545.html,43,32,て,助詞,接続助詞,,,,,て,テ,テ
92_14545.html,43,33,、,記号,読点,,,,,、,、,、
92_14545.html,43,34,まるで,副詞,一般,,,,,まるで,マルデ,マルデ
92_14545.html,43,35,蟻,名詞,一般,,,,,蟻,アリ,アリ
92_14545.html,43,36,の,助詞,連体化,,,,,の,ノ,ノ
92_14545.html,43,37,行列,名詞,サ変接続,,,,,行列,ギョウレツ,ギョーレツ
92_14545.html,43,38,の,助詞,連体化,,,,,の,ノ,ノ
92_14545.html,43,39,よう,名詞,非自立,助動詞語幹,,,,よう,ヨウ,ヨー
92_14545.html,43,40,に,助詞,副詞化,,,,,に,ニ,ニ
92_14545.html,43,41,、,記号,読点,,,,,、,、,、
92_14545.html,43,42,やはり,副詞,一般,,,,,やはり,ヤハリ,ヤハリ
92_14545.html,43,43,上,名詞,一般,,,,,上,ウエ,ウエ
92_14545.html,43,44,へ,助詞,格助詞,一般,,,,へ,ヘ,エ
92_14545.html,43,45,上,名詞,一般,,,,,上,ウエ,ウエ
92_14545.html,43,46,へ,助詞,格助詞,一般,,,,へ,ヘ,エ
92_14545.html,43,47,一心,名詞,一般,,,,,一心,イッシン,イッシン
92_14545.html,43,48,に,助詞,格助詞,一般,,,,に,ニ,ニ
92_14545.html,43,49,よじのぼっ,動詞,自立,,,五段・ラ行,連用タ接続,よじのぼる,ヨジノボッ,ヨジノボッ
92_14545.html,43,50,て,助詞,接続助詞,,,,,て,テ,テ
92_14545.html,43,51,来る,動詞,非自立,,,カ変・来ル,基本形,来る,クル,クル
92_14545.html,43,52,で,助動詞,,,,特殊・ダ,連用形,だ,デ,デ
92_14545.html,43,53,は,助詞,係助詞,,,,,は,ハ,ワ
92_14545.html,43,54,ござい,助動詞,,,,五段・ラ行特殊,連用形,ござる,ゴザイ,ゴザイ
92_14545.html,43,55,ませ,助動詞,,,,特殊・マス,未然形,ます,マセ,マセ
92_14545.html,43,56,ん,助動詞,,,,不変化型,基本形,ん,ン,ン
92_14545.html,43,57,か,助詞,副助詞／並立助詞／終助詞,,,,,か,カ,カ
92_14545.html,43,58,。,記号,句点,,,,,。,。,。
92_14545.html,44,1,陀多,名詞,一般,,,,,陀多,陀多,陀多
92_14545.html,44,2,は,助詞,係助詞,,,,,は,ハ,ワ
92_14545.html,44,3,これ,名詞,代名詞,一般,,,,これ,コレ,コレ
92_14545.html,44,4,を,助詞,格助詞,一般,,,,を,ヲ,ヲ
92_14545.html,44,5,見る,動詞,自立,,,一段,基本形,見る,ミル,ミル
92_14545.html,44,6,と,助詞,接続助詞,,,,,と,ト,ト
92_14545.html,44,7,、,記号,読点,,,,,、,、,、
92_14545.html,44,8,驚い,動詞,自立,,,五段・カ行イ音便,連用タ接続,驚く,オドロイ,オドロイ
92_14545.html,44,9,た,助動詞,,,,特殊・タ,基本形,た,タ,タ
92_14545.html,44,10,の,名詞,非自立,一般,,,,の,ノ,ノ
92_14545.html,44,11,と,助詞,格助詞,引用,,,,と,ト,ト
92_14545.html,44,12,恐し,形容詞,自立,,,形容詞・アウオ段,文語基本形,恐い,コワシ,コワシ
92_14545.html,44,13,いの,動詞,自立,,,五段・ナ行,未然ウ接続,いぬ,イノ,イノ
92_14545.html,44,14,と,助詞,接続助詞,,,,,と,ト,ト
92_14545.html,44,15,で,助動詞,,,,特殊・ダ,連用形,だ,デ,デ
92_14545.html,44,16,、,記号,読点,,,,,、,、,、
92_14545.html,44,17,しばらく,副詞,助詞類接続,,,,,しばらく,シバラク,シバラク
92_14545.html,44,18,は,助詞,係助詞,,,,,は,ハ,ワ
92_14545.html,44,19,ただ,接続詞,,,,,,ただ,タダ,タダ
92_14545.html,44,20,、,記号,読点,,,,,、,、,、
92_14545.html,44,21,莫迦,名詞,形容動詞語幹,,,,,莫迦,バカ,バカ
92_14545.html,44,22,の,助詞,連体化,,,,,の,ノ,ノ
92_14545.html,44,23,よう,名詞,非自立,助動詞語幹,,,,よう,ヨウ,ヨー
92_14545.html,44,24,に,助詞,副詞化,,,,,に,ニ,ニ
92_14545.html,44,25,大きな,連体詞,,,,,,大きな,オオキナ,オーキナ
92_14545.html,44,26,口,名詞,一般,,,,,口,クチ,クチ
92_14545.html,44,27,を,助詞,格助詞,一般,,,,を,ヲ,ヲ
92_14545.html,44,28,開い,動詞,自立,,,五段・カ行イ音便,連用タ接続,開く,ヒライ,ヒライ
92_14545.html,44,29,た,助動詞,,,,特殊・タ,基本形,た,タ,タ
92_14545.html,44,30,まま,名詞,非自立,副詞可能,,,,まま,ママ,ママ
92_14545.html,44,31,、,記号,読点,,,,,、,、,、
92_14545.html,44,32,眼,名詞,一般,,,,,眼,メ,メ
92_14545.html,44,33,ばかり,助詞,副助詞,,,,,ばかり,バカリ,バカリ
92_14545.html,44,34,動かし,動詞,自立,,,五段・サ行,連用形,動かす,ウゴカシ,ウゴカシ
92_14545.html,44,35,て,助詞,接続助詞,,,,,て,テ,テ
92_14545.html,44,36,居り,動詞,自立,,,五段・ラ行,連用形,居る,オリ,オリ
92_14545.html,44,37,まし,助動詞,,,,特殊・マス,連用形,ます,マシ,マシ
92_14545.html,44,38,た,助動詞,,,,特殊・タ,基本形,た,タ,タ
92_14545.html,44,39,。,記号,句点,,,,,。,。,。
92_14545.html,45,1,自分,名詞,一般,,,,,自分,ジブン,ジブン
92_14545.html,45,2,一,名詞,数,,,,,一,イチ,イチ
92_14545.html,45,3,人,名詞,接尾,助数詞,,,,人,ニン,ニン
92_14545.html,45,4,で,助動詞,,,,特殊・ダ,連用形,だ,デ,デ
92_14545.html,45,5,さえ,助詞,係助詞,,,,,さえ,サエ,サエ
92_14545.html,45,6,断れ,動詞,自立,,,一段,連用形,断れる,コトワレ,コトワレ
92_14545.html,45,7,そう,名詞,接尾,助動詞語幹,,,,そう,ソウ,ソー
92_14545.html,45,8,な,助動詞,,,,特殊・ダ,体言接続,だ,ナ,ナ
92_14545.html,45,9,、,記号,読点,,,,,、,、,、
92_14545.html,45,10,この,連体詞,,,,,,この,コノ,コノ
92_14545.html,45,11,細い,形容詞,自立,,,形容詞・アウオ段,基本形,細い,ホソイ,ホソイ
92_14545.html,45,12,蜘蛛,名詞,一般,,,,,蜘蛛,クモ,クモ
92_14545.html,45,13,の,助詞,連体化,,,,,の,ノ,ノ
92_14545.html,45,14,糸,名詞,一般,,,,,糸,イト,イト
92_14545.html,45,15,が,助詞,格助詞,一般,,,,が,ガ,ガ
92_14545.html,45,16,、,記号,読点,,,,,、,、,、
92_14545.html,45,17,どうして,副詞,一般,,,,,どうして,ドウシテ,ドーシテ
92_14545.html,45,18,あれ,名詞,代名詞,一般,,,,あれ,アレ,アレ
92_14545.html,45,19,だけ,助詞,副助詞,,,,,だけ,ダケ,ダケ
92_14545.html,45,20,の,助詞,連体化,,,,,の,ノ,ノ
92_14545.html,45,21,人数,名詞,一般,,,,,人数,ニンズウ,ニンズー
92_14545.html,45,22,の,助詞,連体化,,,,,の,ノ,ノ
92_14545.html,45,23,重み,名詞,一般,,,,,重み,オモミ,オモミ
92_14545.html,45,24,に,助詞,格助詞,一般,,,,に,ニ,ニ
92_14545.html,45,25,堪える,動詞,自立,,,一段,基本形,堪える,コタエル,コタエル
92_14545.html,45,26,事,名詞,非自立,一般,,,,事,コト,コト
92_14545.html,45,27,が,助詞,格助詞,一般,,,,が,ガ,ガ
92_14545.html,45,28,出来,動詞,自立,,,一段,連用形,出来る,デキ,デキ
92_14545.html,45,29,ましょ,助動詞,,,,特殊・マス,未然ウ接続,ます,マショ,マショ
92_14545.html,45,30,う,助動詞,,,,不変化型,基本形,う,ウ,ウ
92_14545.html,45,31,。,記号,句点,,,,,。,。,。
92_14545.html,46,1,もし,副詞,一般,,,,,もし,モシ,モシ
92_14545.html,46,2,万,名詞,数,,,,,万,マン,マン
92_14545.html,46,3,一,名詞,数,,,,,一,イチ,イチ
92_14545.html,46,4,途中,名詞,副詞可能,,,,,途中,トチュウ,トチュー
92_14545.html,46,5,で,助詞,格助詞,一般,,,,で,デ,デ
92_14545.html,46,6,断れ,動詞,自立,,,一段,連用形,断れる,コトワレ,コトワレ
92_14545.html,46,7,た,助動詞,,,,特殊・タ,基本形,た,タ,タ
92_14545.html,46,8,と,助詞,格助詞,引用,,,,と,ト,ト
92_14545.html,46,9,致し,動詞,自立,,,五段・サ行,連用形,致す,イタシ,イタシ
92_14545.html,46,10,まし,助動詞,,,,特殊・マス,連用形,ます,マシ,マシ
92_14545.html,46,11,たら,助動詞,,,,特殊・タ,仮定形,た,タラ,タラ
92_14545.html,46,12,、,記号,読点,,,,,、,、,、
92_14545.html,46,13,折角,副詞,一般,,,,,折角,セッカク,セッカク
92_14545.html,46,14,ここ,名詞,代名詞,一般,,,,ここ,ココ,ココ
92_14545.html,46,15,へ,助詞,格助詞,一般,,,,へ,ヘ,エ
92_14545.html,46,16,まで,助詞,副助詞,,,,,まで,マデ,マデ
92_14545.html,46,17,のぼっ,動詞,自立,,,五段・ラ行,連用タ接続,のぼる,ノボッ,ノボッ
92_14545.html,46,18,て,助詞,接続助詞,,,,,て,テ,テ
92_14545.html,46,19,来,動詞,非自立,,,カ変・来ル,連用形,来る,キ,キ
92_14545.html,46,20,た,助動詞,,,,特殊・タ,基本形,た,タ,タ
92_14545.html,46,21,この,連体詞,,,,,,この,コノ,コノ
92_14545.html,46,22,肝腎,名詞,形容動詞語幹,,,,,肝腎,カンジン,カンジン
92_14545.html,46,23,な,助動詞,,,,特殊・ダ,体言接続,だ,ナ,ナ
92_14545.html,46,24,自分,名詞,一般,,,,,自分,ジブン,ジブン
92_14545.html,46,25,まで,助詞,副助詞,,,,,まで,マデ,マデ
92_14545.html,46,26,も,助詞,係助詞,,,,,も,モ,モ
92_14545.html,46,27,、,記号,読点,,,,,、,、,、
92_14545.html,46,28,元,名詞,一般,,,,,元,モト,モト
92_14545.html,46,29,の,助詞,連体化,,,,,の,ノ,ノ
92_14545.html,46,30,地獄,名詞,一般,,,,,地獄,ジゴク,ジゴク
92_14545.html,46,31,へ,助詞,格助詞,一般,,,,へ,ヘ,エ
92_14545.html,46,32,逆落し,名詞,一般,,,,,逆落し,サカオトシ,サカオトシ
92_14545.html,46,33,に,助詞,格助詞,一般,,,,に,ニ,ニ
92_14545.html,46,34,落ち,動詞,自立,,,一段,連用形,落ちる,オチ,オチ
92_14545.html,46,35,て,助詞,接続助詞,,,,,て,テ,テ
92_14545.html,46,36,しまわ,動詞,非自立,,,五段・ワ行促音便,未然形,しまう,シマワ,シマワ
92_14545.html,46,37,なけれ,助動詞,,,,特殊・ナイ,仮定形,ない,ナケレ,ナケレ
92_14545.html,46,38,ば,助詞,接続助詞,,,,,ば,バ,バ
92_14545.html,46,39,なり,動詞,非自立,,,五段・ラ行,連用形,なる,ナリ,ナリ
92_14545.html,46,40,ませ,助動詞,,,,特殊・マス,未然形,ます,マセ,マセ
92_14545.html,46,41,ん,助動詞,,,,不変化型,基本形,ん,ン,ン
92_14545.html,46,42,。,記号,句点,,,,,。,。,。
92_14545.html,47,1,そんな,連体詞,,,,,,そんな,ソンナ,ソンナ
92_14545.html,47,2,事,名詞,非自立,一般,,,,事,コト,コト
92_14545.html,47,3,が,助詞,格助詞,一般,,,,が,ガ,ガ
92_14545.html,47,4,あっ,動詞,自立,,,五段・ラ行,連用タ接続,ある,アッ,アッ
92_14545.html,47,5,たら,助動詞,,,,特殊・タ,仮定形,た,タラ,タラ
92_14545.html,47,6,、,記号,読点,,,,,、,、,、
92_14545.html,47,7,大変,名詞,形容動詞語幹,,,,,大変,タイヘン,タイヘン
92_14545.html,47,8,で,助動詞,,,,特殊・ダ,連用形,だ,デ,デ
92_14545.html,47,9,ござい,助動詞,,,,五段・ラ行特殊,連用形,ござる,ゴザイ,ゴザイ
92_14545.html,47,10,ます,助動詞,,,,特殊・マス,基本形,ます,マス,マス
92_14545.html,47,11,。,記号,句点,,,,,。,。,。
92_14545.html,48,1,が,接続詞,,,,,,が,ガ,ガ
92_14545.html,48,2,、,記号,読点,,,,,、,、,、
92_14545.html,48,3,そう,副詞,助詞類接続,,,,,そう,ソウ,ソー
92_14545.html,48,4,云う,動詞,自立,,,五段・ワ行促音便,基本形,云う,イウ,イウ
92_14545.html,48,5,中,名詞,非自立,副詞可能,,,,中,ナカ,ナカ
92_14545.html,48,6,に,助詞,格助詞,一般,,,,に,ニ,ニ
92_14545.html,48,7,も,助詞,係助詞,,,,,も,モ,モ
92_14545.html,48,8,、,記号,読点,,,,,、,、,、
92_14545.html,48,9,罪人,名詞,一般,,,,,罪人,ザイニン,ザイニン
92_14545.html,48,10,たち,名詞,接尾,一般,,,,たち,タチ,タチ
92_14545.html,48,11,は,助詞,係助詞,,,,,は,ハ,ワ
92_14545.html,48,12,何,名詞,代名詞,一般,,,,何,ナニ,ナニ
92_14545.html,48,13,百,名詞,数,,,,,百,ヒャク,ヒャク
92_14545.html,48,14,と,助詞,格助詞,引用,,,,と,ト,ト
92_14545.html,48,15,なく,形容詞,自立,,,形容詞・アウオ段,連用テ接続,ない,ナク,ナク
92_14545.html,48,16,何,名詞,数,,,,,何,ナン,ナン
92_14545.html,48,17,千,名詞,数,,,,,千,セン,セン
92_14545.html,48,18,と,助詞,格助詞,引用,,,,と,ト,ト
92_14545.html,48,19,なく,形容詞,自立,,,形容詞・アウオ段,連用テ接続,ない,ナク,ナク
92_14545.html,48,20,、,記号,読点,,,,,、,、,、
92_14545.html,48,21,まっ暗,名詞,形容動詞語幹,,,,,まっ暗,マックラ,マックラ
92_14545.html,48,22,な,助動詞,,,,特殊・ダ,体言接続,だ,ナ,ナ
92_14545.html,48,23,血の池,名詞,一般,,,,,血の池,チノイケ,チノイケ
92_14545.html,48,24,の,助詞,連体化,,,,,の,ノ,ノ
92_14545.html,48,25,底,名詞,一般,,,,,底,ソコ,ソコ
92_14545.html,48,26,から,助詞,格助詞,一般,,,,から,カラ,カラ
92_14545.html,48,27,、,記号,読点,,,,,、,、,、
92_14545.html,48,28,うようよ,副詞,一般,,,,,うようよ,ウヨウヨ,ウヨウヨ
92_14545.html,48,29,と,助詞,格助詞,引用,,,,と,ト,ト
92_14545.html,48,30,這い,動詞,自立,,,五段・ワ行促音便,連用形,這う,ハイ,ハイ
92_14545.html,48,31,上っ,動詞,自立,,,五段・ラ行,連用タ接続,上る,ノボッ,ノボッ
92_14545.html,48,32,て,助詞,接続助詞,,,,,て,テ,テ
92_14545.html,48,33,、,記号,読点,,,,,、,、,、
92_14545.html,48,34,細く,形容詞,自立,,,形容詞・アウオ段,連用テ接続,細い,ホソク,ホソク
92_14545.html,48,35,光っ,動詞,自立,,,五段・ラ行,連用タ接続,光る,ヒカッ,ヒカッ
92_14545.html,48,36,て,助詞,接続助詞,,,,,て,テ,テ
92_14545.html,48,37,いる,動詞,非自立,,,一段,基本形,いる,イル,イル
92_14545.html,48,38,蜘蛛,名詞,一般,,,,,蜘蛛,クモ,クモ
92_14545.html,48,39,の,助詞,連体化,,,,,の,ノ,ノ
92_14545.html,48,40,糸,名詞,一般,,,,,糸,イト,イト
92_14545.html,48,41,を,助詞,格助詞,一般,,,,を,ヲ,ヲ
92_14545.html,48,42,、,記号,読点,,,,,、,、,、
92_14545.html,48,43,一,名詞,数,,,,,一,イチ,イチ
92_14545.html,48,44,列,名詞,接尾,助数詞,,,,列,レツ,レツ
92_14545.html,48,45,に,助詞,格助詞,一般,,,,に,ニ,ニ
92_14545.html,48,46,なり,動詞,自立,,,五段・ラ行,連用形,なる,ナリ,ナリ
92_14545.html,48,47,ながら,助詞,接続助詞,,,,,ながら,ナガラ,ナガラ
92_14545.html,48,48,、,記号,読点,,,,,、,、,、
92_14545.html,48,49,せっせと,副詞,一般,,,,,せっせと,セッセト,セッセト
92_14545.html,48,50,のぼっ,動詞,自立,,,五段・ラ行,連用タ接続,のぼる,ノボッ,ノボッ
92_14545.html,48,51,て,助詞,接続助詞,,,,,て,テ,テ
92_14545.html,48,52,参り,動詞,非自立,,,五段・ラ行,連用形,参る,マイリ,マイリ
92_14545.html,48,53,ます,助動詞,,,,特殊・マス,基本形,ます,マス,マス
92_14545.html,48,54,。,記号,句点,,,,,。,。,。
92_14545.html,49,1,今,名詞,副詞可能,,,,,今,イマ,イマ
92_14545.html,49,2,の,助詞,連体化,,,,,の,ノ,ノ
92_14545.html,49,3,中,名詞,非自立,副詞可能,,,,中,ナカ,ナカ
92_14545.html,49,4,に,助詞,格助詞,一般,,,,に,ニ,ニ
92_14545.html,49,5,どうか,副詞,一般,,,,,どうか,ドウカ,ドーカ
92_14545.html,49,6,し,動詞,自立,,,サ変・スル,未然形,する,シ,シ
92_14545.html,49,7,なけれ,助動詞,,,,特殊・ナイ,仮定形,ない,ナケレ,ナケレ
92_14545.html,49,8,ば,助詞,接続助詞,,,,,ば,バ,バ
92_14545.html,49,9,、,記号,読点,,,,,、,、,、
92_14545.html,49,10,糸,名詞,一般,,,,,糸,イト,イト
92_14545.html,49,11,は,助詞,係助詞,,,,,は,ハ,ワ
92_14545.html,49,12,まん中,名詞,一般,,,,,まん中,マンナカ,マンナカ
92_14545.html,49,13,から,助詞,格助詞,一般,,,,から,カラ,カラ
92_14545.html,49,14,二つ,名詞,一般,,,,,二つ,フタツ,フタツ
92_14545.html,49,15,に,助詞,格助詞,一般,,,,に,ニ,ニ
92_14545.html,49,16,断れ,動詞,自立,,,一段,連用形,断れる,コトワレ,コトワレ
92_14545.html,49,17,て,助詞,接続助詞,,,,,て,テ,テ
92_14545.html,49,18,、,記号,読点,,,,,、,、,、
92_14545.html,49,19,落ち,動詞,自立,,,一段,連用形,落ちる,オチ,オチ
92_14545.html,49,20,て,助詞,接続助詞,,,,,て,テ,テ
92_14545.html,49,21,しまう,動詞,非自立,,,五段・ワ行促音便,基本形,しまう,シマウ,シマウ
92_14545.html,49,22,のに,助詞,接続助詞,,,,,のに,ノニ,ノニ
92_14545.html,49,23,違い,名詞,ナイ形容詞語幹,,,,,違い,チガイ,チガイ
92_14545.html,49,24,あり,動詞,自立,,,五段・ラ行,連用形,ある,アリ,アリ
92_14545.html,49,25,ませ,助動詞,,,,特殊・マス,未然形,ます,マセ,マセ
92_14545.html,49,26,ん,助動詞,,,,不変化型,基本形,ん,ン,ン
92_14545.html,49,27,。,記号,句点,,,,,。,。,。
92_14545.html,50,1,そこで,接続詞,,,,,,そこで,ソコデ,ソコデ
92_14545.html,50,2,陀多,名詞,一般,,,,,陀多,陀多,陀多
92_14545.html,50,3,は,助詞,係助詞,,,,,は,ハ,ワ
92_14545.html,50,4,大きな,連体詞,,,,,,大きな,オオキナ,オーキナ
92_14545.html,50,5,声,名詞,一般,,,,,声,コエ,コエ
92_14545.html,50,6,を,助詞,格助詞,一般,,,,を,ヲ,ヲ
92_14545.html,50,7,出し,動詞,自立,,,五段・サ行,連用形,出す,ダシ,ダシ
92_14545.html,50,8,て,助詞,接続助詞,,,,,て,テ,テ
92_14545.html,50,9,、,記号,読点,,,,,、,、,、
92_14545.html,51,1,「,記号,括弧開,,,,,「,「,「
92_14545.html,51,2,こら,感動詞,,,,,,こら,コラ,コラ
92_14545.html,51,3,、,記号,読点,,,,,、,、,、
92_14545.html,51,4,罪人,名詞,一般,,,,,罪人,ザイニン,ザイニン
92_14545.html,51,5,ども,名詞,接尾,一般,,,,ども,ドモ,ドモ
92_14545.html,51,6,。,記号,句点,,,,,。,。,。
92_14545.html,52,1,この,連体詞,,,,,,この,コノ,コノ
92_14545.html,52,2,蜘蛛,名詞,一般,,,,,蜘蛛,クモ,クモ
92_14545.html,52,3,の,助詞,連体化,,,,,の,ノ,ノ
92_14545.html,52,4,糸,名詞,一般,,,,,糸,イト,イト
92_14545.html,52,5,は,助詞,係助詞,,,,,は,ハ,ワ
92_14545.html,52,6,己,名詞,代名詞,一般,,,,己,オノレ,オノレ
92_14545.html,52,7,の,助詞,連体化,,,,,の,ノ,ノ
92_14545.html,52,8,もの,名詞,非自立,一般,,,,もの,モノ,モノ
92_14545.html,52,9,だ,助動詞,,,,特殊・ダ,基本形,だ,ダ,ダ
92_14545.html,52,10,ぞ,助詞,終助詞,,,,,ぞ,ゾ,ゾ
92_14545.html,52,11,。,記号,句点,,,,,。,。,。
92_14545.html,53,1,お前,名詞,代名詞,一般,,,,お前,オマエ,オマエ
92_14545.html,53,2,たち,名詞,接尾,一般,,,,たち,タチ,タチ
92_14545.html,53,3,は,助詞,係助詞,,,,,は,ハ,ワ
92_14545.html,53,4,一体,副詞,一般,,,,,一体,イッタイ,イッタイ
92_14545.html,53,5,誰,名詞,代名詞,一般,,,,誰,ダレ,ダレ
92_14545.html,53,6,に,助詞,格助詞,一般,,,,に,ニ,ニ
92_14545.html,53,7,尋,名詞,一般,,,,,尋,ヒロ,ヒロ
92_14545.html,53,8,い,動詞,自立,,,一段,連用形,いる,イ,イ
92_14545.html,53,9,て,助詞,接続助詞,,,,,て,テ,テ
92_14545.html,53,10,、,記号,読点,,,,,、,、,、
92_14545.html,53,11,のぼっ,動詞,自立,,,五段・ラ行,連用タ接続,のぼる,ノボッ,ノボッ
92_14545.html,53,12,て,助詞,接続助詞,,,,,て,テ,テ
92_14545.html,53,13,来,動詞,非自立,,,カ変・来ル,連用形,来る,キ,キ
92_14545.html,53,14,た,助動詞,,,,特殊・タ,基本形,た,タ,タ
92_14545.html,53,15,。,記号,句点,,,,,。,。,。
92_14545.html,54,1,下りろ,動詞,自立,,,一段,命令ｒｏ,下りる,オリロ,オリロ
92_14545.html,54,2,。,記号,句点,,,,,。,。,。
92_14545.html,55,1,下りろ,動詞,自立,,,一段,命令ｒｏ,下りる,オリロ,オリロ
92_14545.html,55,2,。,記号,句点,,,,,。,。,。
92_14545.html,55,3,」,記号,括弧閉,,,,,」,」,」
92_14545.html,56,1,と,助詞,格助詞,引用,,,,と,ト,ト
92_14545.html,56,2,喚き,動詞,自立,,,五段・カ行イ音便,連用形,喚く,ワメキ,ワメキ
92_14545.html,56,3,まし,助動詞,,,,特殊・マス,連用形,ます,マシ,マシ
92_14545.html,56,4,た,助動詞,,,,特殊・タ,基本形,た,タ,タ
92_14545.html,56,5,。,記号,句点,,,,,。,。,。
92_14545.html,57,1,その,連体詞,,,,,,その,ソノ,ソノ
92_14545.html,57,2,途端,名詞,非自立,副詞可能,,,,途端,トタン,トタン
92_14545.html,57,3,で,助動詞,,,,特殊・ダ,連用形,だ,デ,デ
92_14545.html,57,4,ござい,助動詞,,,,五段・ラ行特殊,連用形,ござる,ゴザイ,ゴザイ
92_14545.html,57,5,ます,助動詞,,,,特殊・マス,基本形,ます,マス,マス
92_14545.html,57,6,。,記号,句点,,,,,。,。,。
92_14545.html,58,1,今,名詞,副詞可能,,,,,今,イマ,イマ
92_14545.html,58,2,まで,助詞,副助詞,,,,,まで,マデ,マデ
92_14545.html,58,3,何とも,副詞,一般,,,,,何とも,ナントモ,ナントモ
92_14545.html,58,4,なかっ,形容詞,自立,,,形容詞・アウオ段,連用タ接続,ない,ナカッ,ナカッ
92_14545.html,58,5,た,助動詞,,,,特殊・タ,基本形,た,タ,タ
92_14545.html,58,6,蜘蛛,名詞,一般,,,,,蜘蛛,クモ,クモ
92_14545.html,58,7,の,助詞,連体化,,,,,の,ノ,ノ
92_14545.html,58,8,糸,名詞,一般,,,,,糸,イト,イト
92_14545.html,58,9,が,助詞,格助詞,一般,,,,が,ガ,ガ
92_14545.html,58,10,、,記号,読点,,,,,、,、,、
92_14545.html,58,11,急,名詞,形容動詞語幹,,,,,急,キュウ,キュー
92_14545.html,58,12,に,助詞,副詞化,,,,,に,ニ,ニ
92_14545.html,58,13,陀多,名詞,一般,,,,,陀多,陀多,陀多
92_14545.html,58,14,の,助詞,格助詞,一般,,,,の,ノ,ノ
92_14545.html,58,15,ぶら,動詞,自立,,,五段・ラ行,未然形,ぶる,ブラ,ブラ
92_14545.html,58,16,下っ,動詞,自立,,,五段・ラ行,連用タ接続,下る,クダッ,クダッ
92_14545.html,58,17,て,助詞,接続助詞,,,,,て,テ,テ
92_14545.html,58,18,いる,動詞,非自立,,,一段,基本形,いる,イル,イル
92_14545.html,58,19,所,名詞,非自立,副詞可能,,,,所,トコロ,トコロ
92_14545.html,58,20,から,助詞,格助詞,一般,,,,から,カラ,カラ
92_14545.html,58,21,、,記号,読点,,,,,、,、,、
92_14545.html,58,22,ぷつりと,名詞,一般,,,,,ぷつりと,ぷつりと,ぷつりと
92_14545.html,58,23,音,名詞,接尾,一般,,,,音,オン,オン
92_14545.html,58,24,を,助詞,格助詞,一般,,,,を,ヲ,ヲ
92_14545.html,58,25,立て,動詞,自立,,,一段,連用形,立てる,タテ,タテ
92_14545.html,58,26,て,助詞,接続助詞,,,,,て,テ,テ
92_14545.html,58,27,断れ,動詞,自立,,,一段,連用形,断れる,コトワレ,コトワレ
92_14545.html,58,28,まし,助動詞,,,,特殊・マス,連用形,ます,マシ,マシ
92_14545.html,58,29,た,助動詞,,,,特殊・タ,基本形,た,タ,タ
92_14545.html,58,30,。,記号,句点,,,,,。,。,。
92_14545.html,59,1,ですから,接続詞,,,,,,ですから,デスカラ,デスカラ
92_14545.html,59,2,陀多,名詞,一般,,,,,陀多,陀多,陀多
92_14545.html,59,3,も,助詞,係助詞,,,,,も,モ,モ
92_14545.html,59,4,たまり,動詞,自立,,,五段・ラ行,連用形,たまる,タマリ,タマリ
92_14545.html,59,5,ませ,助動詞,,,,特殊・マス,未然形,ます,マセ,マセ
92_14545.html,59,6,ん,助動詞,,,,不変化型,基本形,ん,ン,ン
92_14545.html,59,7,。,記号,句点,,,,,。,。,。
92_14545.html,60,1,あっと,副詞,一般,,,,,あっと,アット,アット
92_14545.html,60,2,云う,動詞,自立,,,五段・ワ行促音便,基本形,云う,イウ,イウ
92_14545.html,60,3,間もなく,副詞,助詞類接続,,,,,間もなく,マモナク,マモナク
92_14545.html,60,4,風,名詞,一般,,,,,風,カゼ,カゼ
92_14545.html,60,5,を,助詞,格助詞,一般,,,,を,ヲ,ヲ
92_14545.html,60,6,切っ,動詞,自立,,,五段・ラ行,連用タ接続,切る,キッ,キッ
92_14545.html,60,7,て,助詞,接続助詞,,,,,て,テ,テ
92_14545.html,60,8,、,記号,読点,,,,,、,、,、
92_14545.html,60,9,独楽,名詞,一般,,,,,独楽,コマ,コマ
92_14545.html,60,10,の,助詞,連体化,,,,,の,ノ,ノ
92_14545.html,60,11,よう,名詞,非自立,助動詞語幹,,,,よう,ヨウ,ヨー
92_14545.html,60,12,に,助詞,副詞化,,,,,に,ニ,ニ
92_14545.html,60,13,くるくる,副詞,一般,,,,,くるくる,クルクル,クルクル
92_14545.html,60,14,まわり,動詞,自立,,,五段・ラ行,連用形,まわる,マワリ,マワリ
92_14545.html,60,15,ながら,助詞,接続助詞,,,,,ながら,ナガラ,ナガラ
92_14545.html,60,16,、,記号,読点,,,,,、,、,、
92_14545.html,60,17,見る見る,副詞,一般,,,,,見る見る,ミルミル,ミルミル
92_14545.html,60,18,中に,副詞,一般,,,,,中に,ナカニ,ナカニ
92_14545.html,60,19,暗,形容詞,自立,,,形容詞・アウオ段,ガル接続,暗い,クラ,クラ
92_14545.html,60,20,の,助詞,連体化,,,,,の,ノ,ノ
92_14545.html,60,21,底,名詞,一般,,,,,底,ソコ,ソコ
92_14545.html,60,22,へ,助詞,格助詞,一般,,,,へ,ヘ,エ
92_14545.html,60,23,、,記号,読点,,,,,、,、,、
92_14545.html,60,24,まっさかさま,名詞,形容動詞語幹,,,,,まっさかさま,マッサカサマ,マッサカサマ
92_14545.html,60,25,に,助詞,副詞化,,,,,に,ニ,ニ
92_14545.html,60,26,落ち,動詞,自立,,,一段,連用形,落ちる,オチ,オチ
92_14545.html,60,27,て,助詞,接続助詞,,,,,て,テ,テ
92_14545.html,60,28,しまい,動詞,非自立,,,五段・ワ行促音便,連用形,しまう,シマイ,シマイ
92_14545.html,60,29,まし,助動詞,,,,特殊・マス,連用形,ます,マシ,マシ
92_14545.html,60,30,た,助動詞,,,,特殊・タ,基本形,た,タ,タ
92_14545.html,60,31,。,記号,句点,,,,,。,。,。
92_14545.html,61,1,後,名詞,接尾,副詞可能,,,,後,ゴ,ゴ
92_14545.html,61,2,に,助詞,格助詞,一般,,,,に,ニ,ニ
92_14545.html,61,3,は,助詞,係助詞,,,,,は,ハ,ワ
92_14545.html,61,4,ただ,接続詞,,,,,,ただ,タダ,タダ
92_14545.html,61,5,極楽,名詞,一般,,,,,極楽,ゴクラク,ゴクラク
92_14545.html,61,6,の,助詞,連体化,,,,,の,ノ,ノ
92_14545.html,61,7,蜘蛛,名詞,一般,,,,,蜘蛛,クモ,クモ
92_14545.html,61,8,の,助詞,連体化,,,,,の,ノ,ノ
92_14545.html,61,9,糸,名詞,一般,,,,,糸,イト,イト
92_14545.html,61,10,が,助詞,格助詞,一般,,,,が,ガ,ガ
92_14545.html,61,11,、,記号,読点,,,,,、,、,、
92_14545.html,61,12,きらきら,副詞,一般,,,,,きらきら,キラキラ,キラキラ
92_14545.html,61,13,と,助詞,格助詞,引用,,,,と,ト,ト
92_14545.html,61,14,細く,形容詞,自立,,,形容詞・アウオ段,連用テ接続,細い,ホソク,ホソク
92_14545.html,61,15,光り,動詞,自立,,,五段・ラ行,連用形,光る,ヒカリ,ヒカリ
92_14545.html,61,16,ながら,助詞,接続助詞,,,,,ながら,ナガラ,ナガラ
92_14545.html,61,17,、,記号,読点,,,,,、,、,、
92_14545.html,61,18,月,名詞,一般,,,,,月,ツキ,ツキ
92_14545.html,61,19,も,助詞,係助詞,,,,,も,モ,モ
92_14545.html,61,20,星,名詞,一般,,,,,星,ホシ,ホシ
92_14545.html,61,21,も,助詞,係助詞,,,,,も,モ,モ
92_14545.html,61,22,ない,形容詞,自立,,,形容詞・アウオ段,基本形,ない,ナイ,ナイ
92_14545.html,61,23,空,名詞,一般,,,,,空,ソラ,ソラ
92_14545.html,61,24,の,助詞,連体化,,,,,の,ノ,ノ
92_14545.html,61,25,中途,名詞,一般,,,,,中途,チュウト,チュート
92_14545.html,61,26,に,助詞,格助詞,一般,,,,に,ニ,ニ
92_14545.html,61,27,、,記号,読点,,,,,、,、,、
92_14545.html,61,28,短く,形容詞,自立,,,形容詞・アウオ段,連用テ接続,短い,ミジカク,ミジカク
92_14545.html,61,29,垂れ,動詞,自立,,,一段,連用形,垂れる,シダレ,シダレ
92_14545.html,61,30,て,助詞,接続助詞,,,,,て,テ,テ
92_14545.html,61,31,いる,動詞,非自立,,,一段,基本形,いる,イル,イル
92_14545.html,61,32,ばかり,助詞,副助詞,,,,,ばかり,バカリ,バカリ
92_14545.html,61,33,で,助動詞,,,,特殊・ダ,連用形,だ,デ,デ
92_14545.html,61,34,ござい,助動詞,,,,五段・ラ行特殊,連用形,ござる,ゴザイ,ゴザイ
92_14545.html,61,35,ます,助動詞,,,,特殊・マス,基本形,ます,マス,マス
92_14545.html,61,36,。,記号,句点,,,,,。,。,。
92_14545.html,62,1,三,名詞,数,,,,,三,サン,サン
92_14545.html,63,1,御釈迦様,名詞,一般,,,,,御釈迦様,オシャカサマ,オシャカサマ
92_14545.html,63,2,は,助詞,係助詞,,,,,は,ハ,ワ
92_14545.html,63,3,極楽,名詞,一般,,,,,極楽,ゴクラク,ゴクラク
92_14545.html,63,4,の,助詞,連体化,,,,,の,ノ,ノ
92_14545.html,63,5,蓮池,名詞,固有名詞,人名,姓,,,蓮池,ハスイケ,ハスイケ
92_14545.html,63,6,の,助詞,連体化,,,,,の,ノ,ノ
92_14545.html,63,7,ふち,名詞,一般,,,,,ふち,フチ,フチ
92_14545.html,63,8,に,助詞,格助詞,一般,,,,に,ニ,ニ
92_14545.html,63,9,立っ,動詞,自立,,,五段・タ行,連用タ接続,立つ,タッ,タッ
92_14545.html,63,10,て,助詞,接続助詞,,,,,て,テ,テ
92_14545.html,63,11,、,記号,読点,,,,,、,、,、
92_14545.html,63,12,この,連体詞,,,,,,この,コノ,コノ
92_14545.html,63,13,一部始終,名詞,一般,,,,,一部始終,イチブシジュウ,イチブシジュー
92_14545.html,63,14,を,助詞,格助詞,一般,,,,を,ヲ,ヲ
92_14545.html,63,15,じっと,副詞,一般,,,,,じっと,ジット,ジット
92_14545.html,63,16,見,動詞,自立,,,一段,連用形,見る,ミ,ミ
92_14545.html,63,17,て,助詞,接続助詞,,,,,て,テ,テ
92_14545.html,63,18,いらっしゃい,動詞,自立,,,五段・ラ行特殊,連用形,いらっしゃる,イラッシャイ,イラッシャイ
92_14545.html,63,19,まし,助動詞,,,,特殊・マス,連用形,ます,マシ,マシ
92_14545.html,63,20,た,助動詞,,,,特殊・タ,基本形,た,タ,タ
92_14545.html,63,21,が,助詞,接続助詞,,,,,が,ガ,ガ
92_14545.html,63,22,、,記号,読点,,,,,、,、,、
92_14545.html,63,23,やがて,副詞,一般,,,,,やがて,ヤガテ,ヤガテ
92_14545.html,63,24,陀多,名詞,一般,,,,,陀多,陀多,陀多
92_14545.html,63,25,が,助詞,格助詞,一般,,,,が,ガ,ガ
92_14545.html,63,26,血の池,名詞,一般,,,,,血の池,チノイケ,チノイケ
92_14545.html,63,27,の,助詞,連体化,,,,,の,ノ,ノ
92_14545.html,63,28,底,名詞,一般,,,,,底,ソコ,ソコ
92_14545.html,63,29,へ,助詞,格助詞,一般,,,,へ,ヘ,エ
92_14545.html,63,30,石,名詞,一般,,,,,石,イシ,イシ
92_14545.html,63,31,の,助詞,連体化,,,,,の,ノ,ノ
92_14545.html,63,32,よう,名詞,非自立,助動詞語幹,,,,よう,ヨウ,ヨー
92_14545.html,63,33,に,助詞,副詞化,,,,,に,ニ,ニ
92_14545.html,63,34,沈ん,動詞,自立,,,五段・マ行,連用タ接続,沈む,シズン,シズン
92_14545.html,63,35,で,助詞,接続助詞,,,,,で,デ,デ
92_14545.html,63,36,しまい,動詞,非自立,,,五段・ワ行促音便,連用形,しまう,シマイ,シマイ
92_14545.html,63,37,ます,助動詞,,,,特殊・マス,基本形,ます,マス,マス
92_14545.html,63,38,と,助詞,接続助詞,,,,,と,ト,ト
92_14545.html,63,39,、,記号,読点,,,,,、,、,、
92_14545.html,63,40,悲し,形容詞,自立,,,形容詞・イ段,ガル接続,悲しい,カナシ,カナシ
92_14545.html,63,41,そう,名詞,接尾,助動詞語幹,,,,そう,ソウ,ソー
92_14545.html,63,42,な,助動詞,,,,特殊・ダ,体言接続,だ,ナ,ナ
92_14545.html,63,43,御,接頭詞,名詞接続,,,,,御,ゴ,ゴ
92_14545.html,63,44,顔,名詞,一般,,,,,顔,カオ,カオ
92_14545.html,63,45,を,助詞,格助詞,一般,,,,を,ヲ,ヲ
92_14545.html,63,46,なさ,動詞,自立,,,五段・サ行,未然形,なす,ナサ,ナサ
92_14545.html,63,47,り,助動詞,,,,文語・リ,基本形,り,リ,リ
92_14545.html,63,48,ながら,助詞,接続助詞,,,,,ながら,ナガラ,ナガラ
92_14545.html,63,49,、,記号,読点,,,,,、,、,、
92_14545.html,63,50,また,接続詞,,,,,,また,マタ,マタ
92_14545.html,63,51,ぶらぶら,副詞,一般,,,,,ぶらぶら,ブラブラ,ブラブラ
92_14545.html,63,52,御,接頭詞,名詞接続,,,,,御,ゴ,ゴ
92_14545.html,63,53,歩き,名詞,一般,,,,,歩き,アルキ,アルキ
92_14545.html,63,54,に,助詞,格助詞,一般,,,,に,ニ,ニ
92_14545.html,63,55,なり,動詞,自立,,,五段・ラ行,連用形,なる,ナリ,ナリ
92_14545.html,63,56,始め,動詞,非自立,,,一段,連用形,始める,ハジメ,ハジメ
92_14545.html,63,57,まし,助動詞,,,,特殊・マス,連用形,ます,マシ,マシ
92_14545.html,63,58,た,助動詞,,,,特殊・タ,基本形,た,タ,タ
92_14545.html,63,59,。,記号,句点,,,,,。,。,。
92_14545.html,64,1,自分,名詞,一般,,,,,自分,ジブン,ジブン
92_14545.html,64,2,ばかり,助詞,副助詞,,,,,ばかり,バカリ,バカリ
92_14545.html,64,3,地獄,名詞,一般,,,,,地獄,ジゴク,ジゴク
92_14545.html,64,4,から,助詞,格助詞,一般,,,,から,カラ,カラ
92_14545.html,64,5,ぬけ,動詞,自立,,,一段,連用形,ぬける,ヌケ,ヌケ
92_14545.html,64,6,出そ,動詞,非自立,,,五段・サ行,未然ウ接続,出す,ダソ,ダソ
92_14545.html,64,7,う,助動詞,,,,不変化型,基本形,う,ウ,ウ
92_14545.html,64,8,と,助詞,格助詞,一般,,,,と,ト,ト
92_14545.html,64,9,する,動詞,自立,,,サ変・スル,基本形,する,スル,スル
92_14545.html,64,10,、,記号,読点,,,,,、,、,、
92_14545.html,64,11,陀多,名詞,一般,,,,,陀多,陀多,陀多
92_14545.html,64,12,の,助詞,連体化,,,,,の,ノ,ノ
92_14545.html,64,13,無慈悲,名詞,形容動詞語幹,,,,,無慈悲,ムジヒ,ムジヒ
92_14545.html,64,14,な,助動詞,,,,特殊・ダ,体言接続,だ,ナ,ナ
92_14545.html,64,15,心,名詞,一般,,,,,心,ココロ,ココロ
92_14545.html,64,16,が,助詞,格助詞,一般,,,,が,ガ,ガ
92_14545.html,64,17,、,記号,読点,,,,,、,、,、
92_14545.html,64,18,そうして,接続詞,,,,,,そうして,ソウシテ,ソーシテ
92_14545.html,64,19,その,連体詞,,,,,,その,ソノ,ソノ
92_14545.html,64,20,心,名詞,一般,,,,,心,ココロ,ココロ
92_14545.html,64,21,相当,名詞,形容動詞語幹,,,,,相当,ソウトウ,ソートー
92_14545.html,64,22,な,助動詞,,,,特殊・ダ,体言接続,だ,ナ,ナ
92_14545.html,64,23,罰,名詞,サ変接続,,,,,罰,バッ,バッ
92_14545.html,64,24,を,助詞,格助詞,一般,,,,を,ヲ,ヲ
92_14545.html,64,25,うけ,動詞,自立,,,一段,連用形,うける,ウケ,ウケ
92_14545.html,64,26,て,助詞,接続助詞,,,,,て,テ,テ
92_14545.html,64,27,、,記号,読点,,,,,、,、,、
92_14545.html,64,28,元,名詞,一般,,,,,元,モト,モト
92_14545.html,64,29,の,助詞,連体化,,,,,の,ノ,ノ
92_14545.html,64,30,地獄,名詞,一般,,,,,地獄,ジゴク,ジゴク
92_14545.html,64,31,へ,助詞,格助詞,一般,,,,へ,ヘ,エ
92_14545.html,64,32,落ち,動詞,自立,,,一段,連用形,落ちる,オチ,オチ
92_14545.html,64,33,て,助詞,接続助詞,,,,,て,テ,テ
92_14545.html,64,34,しまっ,動詞,非自立,,,五段・ワ行促音便,連用タ接続,しまう,シマッ,シマッ
92_14545.html,64,35,た,助動詞,,,,特殊・タ,基本形,た,タ,タ
92_14545.html,64,36,の,名詞,非自立,一般,,,,の,ノ,ノ
92_14545.html,64,37,が,助詞,格助詞,一般,,,,が,ガ,ガ
92_14545.html,64,38,、,記号,読点,,,,,、,、,、
92_14545.html,64,39,御釈迦様,名詞,一般,,,,,御釈迦様,オシャカサマ,オシャカサマ
92_14545.html,64,40,の,助詞,連体化,,,,,の,ノ,ノ
92_14545.html,64,41,御,接頭詞,名詞接続,,,,,御,ゴ,ゴ
92_14545.html,64,42,目,名詞,一般,,,,,目,メ,メ
92_14545.html,64,43,から,助詞,格助詞,一般,,,,から,カラ,カラ
92_14545.html,64,44,見る,動詞,自立,,,一段,基本形,見る,ミル,ミル
92_14545.html,64,45,と,助詞,接続助詞,,,,,と,ト,ト
92_14545.html,64,46,、,記号,読点,,,,,、,、,、
92_14545.html,64,47,浅間,名詞,固有名詞,人名,姓,,,浅間,アサマ,アサマ
92_14545.html,64,48,しく,動詞,自立,,,五段・カ行イ音便,基本形,しく,シク,シク
92_14545.html,64,49,思召さ,動詞,自立,,,五段・サ行,未然形,思召す,オボシメサ,オボシメサ
92_14545.html,64,50,れ,動詞,接尾,,,一段,連用形,れる,レ,レ
92_14545.html,64,51,た,助動詞,,,,特殊・タ,基本形,た,タ,タ
92_14545.html,64,52,の,名詞,非自立,一般,,,,の,ノ,ノ
92_14545.html,64,53,で,助動詞,,,,特殊・ダ,連用形,だ,デ,デ
92_14545.html,64,54,ござい,助動詞,,,,五段・ラ行特殊,連用形,ござる,ゴザイ,ゴザイ
92_14545.html,64,55,ましょ,助動詞,,,,特殊・マス,未然ウ接続,ます,マショ,マショ
92_14545.html,64,56,う,助動詞,,,,不変化型,基本形,う,ウ,ウ
92_14545.html,64,57,。,記号,句点,,,,,。,。,。
92_14545.html,65,1,しかし,接続詞,,,,,,しかし,シカシ,シカシ
92_14545.html,65,2,極楽,名詞,一般,,,,,極楽,ゴクラク,ゴクラク
92_14545.html,65,3,の,助詞,連体化,,,,,の,ノ,ノ
92_14545.html,65,4,蓮池,名詞,固有名詞,人名,姓,,,蓮池,ハスイケ,ハスイケ
92_14545.html,65,5,の,助詞,連体化,,,,,の,ノ,ノ
92_14545.html,65,6,蓮,名詞,一般,,,,,蓮,ハチス,ハチス
92_14545.html,65,7,は,助詞,係助詞,,,,,は,ハ,ワ
92_14545.html,65,8,、,記号,読点,,,,,、,、,、
92_14545.html,65,9,少しも,副詞,一般,,,,,少しも,スコシモ,スコシモ
92_14545.html,65,10,そんな,連体詞,,,,,,そんな,ソンナ,ソンナ
92_14545.html,65,11,事,名詞,非自立,一般,,,,事,コト,コト
92_14545.html,65,12,に,助詞,格助詞,一般,,,,に,ニ,ニ
92_14545.html,65,13,は,助詞,係助詞,,,,,は,ハ,ワ
92_14545.html,65,14,頓着,名詞,サ変接続,,,,,頓着,トンジャク,トンジャク
92_14545.html,65,15,致し,動詞,自立,,,五段・サ行,連用形,致す,イタシ,イタシ
92_14545.html,65,16,ませ,助動詞,,,,特殊・マス,未然形,ます,マセ,マセ
92_14545.html,65,17,ん,助動詞,,,,不変化型,基本形,ん,ン,ン
92_14545.html,65,18,。,記号,句点,,,,,。,。,。
92_14545.html,66,1,その,連体詞,,,,,,その,ソノ,ソノ
92_14545.html,66,2,玉,名詞,一般,,,,,玉,タマ,タマ
92_14545.html,66,3,の,助詞,連体化,,,,,の,ノ,ノ
92_14545.html,66,4,よう,名詞,非自立,助動詞語幹,,,,よう,ヨウ,ヨー
92_14545.html,66,5,な,助動詞,,,,特殊・ダ,体言接続,だ,ナ,ナ
92_14545.html,66,6,白い,形容詞,自立,,,形容詞・アウオ段,基本形,白い,シロイ,シロイ
92_14545.html,66,7,花,名詞,一般,,,,,花,ハナ,ハナ
92_14545.html,66,8,は,助詞,係助詞,,,,,は,ハ,ワ
92_14545.html,66,9,、,記号,読点,,,,,、,、,、
92_14545.html,66,10,御釈迦様,名詞,一般,,,,,御釈迦様,オシャカサマ,オシャカサマ
92_14545.html,66,11,の,助詞,連体化,,,,,の,ノ,ノ
92_14545.html,66,12,御足,名詞,一般,,,,,御足,オアシ,オアシ
92_14545.html,66,13,の,助詞,連体化,,,,,の,ノ,ノ
92_14545.html,66,14,まわり,名詞,一般,,,,,まわり,マワリ,マワリ
92_14545.html,66,15,に,助詞,格助詞,一般,,,,に,ニ,ニ
92_14545.html,66,16,、,記号,読点,,,,,、,、,、
92_14545.html,66,17,ゆらゆら,副詞,一般,,,,,ゆらゆら,ユラユラ,ユラユラ
92_14545.html,66,18,萼,名詞,一般,,,,,萼,ガク,ガク
92_14545.html,66,19,を,助詞,格助詞,一般,,,,を,ヲ,ヲ
92_14545.html,66,20,動かし,動詞,自立,,,五段・サ行,連用形,動かす,ウゴカシ,ウゴカシ
92_14545.html,66,21,て,助詞,接続助詞,,,,,て,テ,テ
92_14545.html,66,22,、,記号,読点,,,,,、,、,、
92_14545.html,66,23,その,連体詞,,,,,,その,ソノ,ソノ
92_14545.html,66,24,まん中,名詞,一般,,,,,まん中,マンナカ,マンナカ
92_14545.html,66,25,に,助詞,格助詞,一般,,,,に,ニ,ニ
92_14545.html,66,26,ある,動詞,自立,,,五段・ラ行,基本形,ある,アル,アル
92_14545.html,66,27,金色,名詞,一般,,,,,金色,キンイロ,キンイロ
92_14545.html,66,28,の,助詞,連体化,,,,,の,ノ,ノ
92_14545.html,66,29,蕊,名詞,一般,,,,,蕊,シベ,シベ
92_14545.html,66,30,から,助詞,格助詞,一般,,,,から,カラ,カラ
92_14545.html,66,31,は,助詞,係助詞,,,,,は,ハ,ワ
92_14545.html,66,32,、,記号,読点,,,,,、,、,、
92_14545.html,66,33,何とも,副詞,一般,,,,,何とも,ナントモ,ナントモ
92_14545.html,66,34,云え,動詞,自立,,,五段・ワ行促音便,命令ｅ,云う,イエ,イエ
92_14545.html,66,35,ない,形容詞,自立,,,形容詞・アウオ段,基本形,ない,ナイ,ナイ
92_14545.html,66,36,好い,形容詞,自立,,,形容詞・アウオ段,基本形,好い,ヨイ,ヨイ
92_14545.html,66,37,匂,名詞,一般,,,,,匂,ニオイ,ニオイ
92_14545.html,66,38,が,助詞,格助詞,一般,,,,が,ガ,ガ
92_14545.html,66,39,、,記号,読点,,,,,、,、,、
92_14545.html,66,40,絶間,名詞,一般,,,,,絶間,タエマ,タエマ
92_14545.html,66,41,なく,形容詞,自立,,,形容詞・アウオ段,連用テ接続,ない,ナク,ナク
92_14545.html,66,42,あたり,名詞,一般,,,,,あたり,アタリ,アタリ
92_14545.html,66,43,へ,助詞,格助詞,一般,,,,へ,ヘ,エ
92_14545.html,66,44,溢れ,動詞,自立,,,一段,連用形,溢れる,アフレ,アフレ
92_14545.html,66,45,て,助詞,接続助詞,,,,,て,テ,テ
92_14545.html,66,46,居り,動詞,自立,,,五段・ラ行,連用形,居る,オリ,オリ
92_14545.html,66,47,ます,助動詞,,,,特殊・マス,基本形,ます,マス,マス
92_14545.html,66,48,。,記号,句点,,,,,。,。,。
92_14545.html,67,1,極楽,名詞,一般,,,,,極楽,ゴクラク,ゴクラク
92_14545.html,67,2,も,助詞,係助詞,,,,,も,モ,モ
92_14545.html,67,3,もう,副詞,一般,,,,,もう,モウ,モー
92_14545.html,67,4,午,名詞,一般,,,,,午,ウマ,ウマ
92_14545.html,67,5,に,助詞,格助詞,一般,,,,に,ニ,ニ
92_14545.html,67,6,近く,形容詞,自立,,,形容詞・アウオ段,連用テ接続,近い,チカク,チカク
92_14545.html,67,7,なっ,動詞,自立,,,五段・ラ行,連用タ接続,なる,ナッ,ナッ
92_14545.html,67,8,た,助動詞,,,,特殊・タ,基本形,た,タ,タ
92_14545.html,67,9,の,名詞,非自立,一般,,,,の,ノ,ノ
92_14545.html,67,10,で,助動詞,,,,特殊・ダ,連用形,だ,デ,デ
92_14545.html,67,11,ござい,助動詞,,,,五段・ラ行特殊,連用形,ござる,ゴザイ,ゴザイ
92_14545.html,67,12,ましょ,助動詞,,,,特殊・マス,未然ウ接続,ます,マショ,マショ
92_14545.html,67,13,う,助動詞,,,,不変化型,基本形,う,ウ,ウ
92_14545.html,67,14,。,記号,句点,,,,,。,。,。
92_14545.html,68,1,（,記号,括弧開,,,,,（,（,（
92_14545.html,68,2,大正,名詞,固有名詞,一般,,,,大正,タイショウ,タイショー
92_14545.html,68,3,七,名詞,数,,,,,七,ナナ,ナナ
92_14545.html,68,4,年,名詞,接尾,助数詞,,,,年,ネン,ネン
92_14545.html,68,5,四月,名詞,副詞可能,,,,,四月,シガツ,シガツ
92_14545.html,68,6,十,名詞,数,,,,,十,ジュウ,ジュー
92_14545.html,68,7,六,名詞,数,,,,,六,ロク,ロク
92_14545.html,68,8,日,名詞,接尾,助数詞,,,,日,ニチ,ニチ
92_14545.html,68,9,）,記号,括弧閉,,,,,）,）,）
