,0,1,2,3,4,11,12
0,92_14545.html,1,1,一,名詞,イチ,ii
1,92_14545.html,2,1,ある,連体詞,アル,au
2,92_14545.html,2,2,日,名詞,ヒ,i
3,92_14545.html,2,3,の,助詞,ノ,no
4,92_14545.html,2,4,事,名詞,コト,oo
5,92_14545.html,2,5,で,助動詞,デ,e
6,92_14545.html,2,6,ござい,助動詞,ゴザイ,oai
7,92_14545.html,2,7,ます,助動詞,マス,au
8,92_14545.html,2,8,。,記号,。,
9,92_14545.html,3,1,御釈迦様,名詞,オシャカサマ,oaaaa
10,92_14545.html,3,2,は,助詞,ハ,a
11,92_14545.html,3,3,極楽,名詞,ゴクラク,ouau
12,92_14545.html,3,4,の,助詞,ノ,no
13,92_14545.html,3,5,蓮池,名詞,ハスイケ,auie
14,92_14545.html,3,6,の,助詞,ノ,no
15,92_14545.html,3,7,ふち,名詞,フチ,ui
16,92_14545.html,3,8,を,助詞,ヲ,o
17,92_14545.html,3,9,、,記号,、,
18,92_14545.html,3,10,独り,名詞,ヒトリ,ioi
19,92_14545.html,3,11,で,助詞,デ,e
20,92_14545.html,3,12,ぶらぶら,副詞,ブラブラ,uaua
21,92_14545.html,3,13,御,接頭詞,ゴ,o
22,92_14545.html,3,14,歩き,名詞,アルキ,aui
23,92_14545.html,3,15,に,助詞,ニ,ni
24,92_14545.html,3,16,なっ,動詞,ナッ,nau
25,92_14545.html,3,17,て,助詞,テ,e
26,92_14545.html,3,18,いらっしゃい,動詞,イラッシャイ,iaai
27,92_14545.html,3,19,まし,助動詞,マシ,ai
28,92_14545.html,3,20,た,助動詞,タ,a
29,92_14545.html,3,21,。,記号,。,
30,92_14545.html,4,1,池,名詞,イケ,ie
31,92_14545.html,4,2,の,助詞,ノ,no
32,92_14545.html,4,3,中,名詞,ナカ,naa
33,92_14545.html,4,4,に,助詞,ニ,ni
34,92_14545.html,4,5,咲い,動詞,サイ,ai
35,92_14545.html,4,6,て,助詞,テ,e
36,92_14545.html,4,7,いる,動詞,イル,iu
37,92_14545.html,4,8,蓮,名詞,ハチス,aiu
38,92_14545.html,4,9,の,助詞,ノ,no
39,92_14545.html,4,10,花,名詞,ハナ,ana
40,92_14545.html,4,11,は,助詞,ハ,a
41,92_14545.html,4,12,、,記号,、,
42,92_14545.html,4,13,みんな,名詞,ミンナ,inna
43,92_14545.html,4,14,玉,名詞,ダマ,aa
44,92_14545.html,4,15,の,助詞,ノ,no
45,92_14545.html,4,16,よう,名詞,ヨウ,ou
46,92_14545.html,4,17,に,助詞,ニ,ni
47,92_14545.html,4,18,まっ白,名詞,マッシロ,aio
48,92_14545.html,4,19,で,助動詞,デ,e
49,92_14545.html,4,20,、,記号,、,
50,92_14545.html,4,21,その,連体詞,ソノ,ono
51,92_14545.html,4,22,まん中,名詞,マンナカ,annaa
52,92_14545.html,4,23,に,助詞,ニ,ni
53,92_14545.html,4,24,ある,動詞,アル,au
54,92_14545.html,4,25,金色,名詞,キンイロ,inio
55,92_14545.html,4,26,の,助詞,ノ,no
56,92_14545.html,4,27,蕊,名詞,シベ,ie
57,92_14545.html,4,28,から,助詞,カラ,aa
58,92_14545.html,4,29,は,助詞,ハ,a
59,92_14545.html,4,30,、,記号,、,
60,92_14545.html,4,31,何とも,副詞,ナントモ,nanoo
61,92_14545.html,4,32,云え,動詞,イエ,ie
62,92_14545.html,4,33,ない,形容詞,ナイ,nai
63,92_14545.html,4,34,好い,形容詞,ヨイ,oi
64,92_14545.html,4,35,匂,名詞,ニオイ,nioi
65,92_14545.html,4,36,が,助詞,ガ,a
66,92_14545.html,4,37,、,記号,、,
67,92_14545.html,4,38,絶間,名詞,タエマ,aea
68,92_14545.html,4,39,なく,形容詞,ナク,nau
69,92_14545.html,4,40,あたり,名詞,アタリ,aai
70,92_14545.html,4,41,へ,助詞,ヘ,e
71,92_14545.html,4,42,溢れ,動詞,アフレ,aue
72,92_14545.html,4,43,て,助詞,テ,e
73,92_14545.html,4,44,居り,動詞,オリ,oi
74,92_14545.html,4,45,ます,助動詞,マス,au
75,92_14545.html,4,46,。,記号,。,
76,92_14545.html,5,1,極楽,名詞,ゴクラク,ouau
77,92_14545.html,5,2,は,助詞,ハ,a
78,92_14545.html,5,3,丁度,副詞,チョウド,ouo
79,92_14545.html,5,4,朝,名詞,アサ,aa
80,92_14545.html,5,5,な,助動詞,ナ,na
81,92_14545.html,5,6,の,名詞,ノ,no
82,92_14545.html,5,7,で,助動詞,デ,e
83,92_14545.html,5,8,ござい,助動詞,ゴザイ,oai
84,92_14545.html,5,9,ましょ,助動詞,マショ,ao
85,92_14545.html,5,10,う,助動詞,ウ,u
86,92_14545.html,5,11,。,記号,。,
87,92_14545.html,6,1,やがて,副詞,ヤガテ,aae
88,92_14545.html,6,2,御釈迦様,名詞,オシャカサマ,oaaaa
89,92_14545.html,6,3,は,助詞,ハ,a
90,92_14545.html,6,4,その,連体詞,ソノ,ono
91,92_14545.html,6,5,池,名詞,イケ,ie
92,92_14545.html,6,6,の,助詞,ノ,no
93,92_14545.html,6,7,ふち,名詞,フチ,ui
94,92_14545.html,6,8,に,助詞,ニ,ni
95,92_14545.html,6,9,御,接頭詞,ゴ,o
96,92_14545.html,6,10,佇み,動詞,タタズミ,aaui
97,92_14545.html,6,11,に,助詞,ニ,ni
98,92_14545.html,6,12,なっ,動詞,ナッ,nau
99,92_14545.html,6,13,て,助詞,テ,e
100,92_14545.html,6,14,、,記号,、,
101,92_14545.html,6,15,水,名詞,ミズ,iu
102,92_14545.html,6,16,の,助詞,ノ,no
103,92_14545.html,6,17,面,名詞,メン,en
104,92_14545.html,6,18,を,助詞,ヲ,o
105,92_14545.html,6,19,蔽っ,動詞,オオッ,oou
106,92_14545.html,6,20,て,助詞,テ,e
107,92_14545.html,6,21,いる,動詞,イル,iu
108,92_14545.html,6,22,蓮,名詞,ハチス,aiu
109,92_14545.html,6,23,の,助詞,ノ,no
110,92_14545.html,6,24,葉,名詞,ハ,a
111,92_14545.html,6,25,の,助詞,ノ,no
112,92_14545.html,6,26,間,名詞,マ,a
113,92_14545.html,6,27,から,助詞,カラ,aa
114,92_14545.html,6,28,、,記号,、,
115,92_14545.html,6,29,ふと,副詞,フト,uo
116,92_14545.html,6,30,下,名詞,シタ,ia
117,92_14545.html,6,31,の,助詞,ノ,no
118,92_14545.html,6,32,容子,名詞,ヨウス,ouu
119,92_14545.html,6,33,を,助詞,ヲ,o
120,92_14545.html,6,34,御覧,名詞,ゴラン,oan
121,92_14545.html,6,35,に,助詞,ニ,ni
122,92_14545.html,6,36,なり,動詞,ナリ,nai
123,92_14545.html,6,37,まし,助動詞,マシ,ai
124,92_14545.html,6,38,た,助動詞,タ,a
125,92_14545.html,6,39,。,記号,。,
126,92_14545.html,7,1,この,連体詞,コノ,ono
127,92_14545.html,7,2,極楽,名詞,ゴクラク,ouau
128,92_14545.html,7,3,の,助詞,ノ,no
129,92_14545.html,7,4,蓮池,名詞,ハスイケ,auie
130,92_14545.html,7,5,の,助詞,ノ,no
131,92_14545.html,7,6,下,名詞,シタ,ia
132,92_14545.html,7,7,は,助詞,ハ,a
133,92_14545.html,7,8,、,記号,、,
134,92_14545.html,7,9,丁度,副詞,チョウド,ouo
135,92_14545.html,7,10,地獄,名詞,ジゴク,iou
136,92_14545.html,7,11,の,助詞,ノ,no
137,92_14545.html,7,12,底,名詞,ソコ,oo
138,92_14545.html,7,13,に,助詞,ニ,ni
139,92_14545.html,7,14,当っ,動詞,アタッ,aau
140,92_14545.html,7,15,て,助詞,テ,e
141,92_14545.html,7,16,居り,動詞,オリ,oi
142,92_14545.html,7,17,ます,助動詞,マス,au
143,92_14545.html,7,18,から,助詞,カラ,aa
144,92_14545.html,7,19,、,記号,、,
145,92_14545.html,7,20,水晶,名詞,スイショウ,uiou
146,92_14545.html,7,21,の,助詞,ノ,no
147,92_14545.html,7,22,よう,名詞,ヨウ,ou
148,92_14545.html,7,23,な,助動詞,ナ,na
149,92_14545.html,7,24,水,名詞,ミズ,iu
150,92_14545.html,7,25,を,助詞,ヲ,o
151,92_14545.html,7,26,透き,動詞,スキ,ui
152,92_14545.html,7,27,徹し,動詞,テッシ,ei
153,92_14545.html,7,28,て,助詞,テ,e
154,92_14545.html,7,29,、,記号,、,
155,92_14545.html,7,30,三,名詞,サン,an
156,92_14545.html,7,31,途,名詞,ト,o
157,92_14545.html,7,32,の,助詞,ノ,no
158,92_14545.html,7,33,河,名詞,カワ,aa
159,92_14545.html,7,34,や,助詞,ヤ,a
160,92_14545.html,7,35,針,名詞,ハリ,ai
161,92_14545.html,7,36,の,助詞,ノ,no
162,92_14545.html,7,37,山,名詞,ヤマ,aa
163,92_14545.html,7,38,の,助詞,ノ,no
164,92_14545.html,7,39,景色,名詞,ケシキ,eii
165,92_14545.html,7,40,が,助詞,ガ,a
166,92_14545.html,7,41,、,記号,、,
167,92_14545.html,7,42,丁度,副詞,チョウド,ouo
168,92_14545.html,7,43,覗き眼鏡,名詞,ノゾキメガネ,nooieane
169,92_14545.html,7,44,を,助詞,ヲ,o
170,92_14545.html,7,45,見る,動詞,ミル,iu
171,92_14545.html,7,46,よう,名詞,ヨウ,ou
172,92_14545.html,7,47,に,助詞,ニ,ni
173,92_14545.html,7,48,、,記号,、,
174,92_14545.html,7,49,はっきり,副詞,ハッキリ,aii
175,92_14545.html,7,50,と,助詞,ト,o
176,92_14545.html,7,51,見える,動詞,ミエル,ieu
177,92_14545.html,7,52,の,名詞,ノ,no
178,92_14545.html,7,53,で,助動詞,デ,e
179,92_14545.html,7,54,ござい,助動詞,ゴザイ,oai
180,92_14545.html,7,55,ます,助動詞,マス,au
181,92_14545.html,7,56,。,記号,。,
182,92_14545.html,8,1,すると,接続詞,スルト,uuo
183,92_14545.html,8,2,その,連体詞,ソノ,ono
184,92_14545.html,8,3,地獄,名詞,ジゴク,iou
185,92_14545.html,8,4,の,助詞,ノ,no
186,92_14545.html,8,5,底,名詞,ソコ,oo
187,92_14545.html,8,6,に,助詞,ニ,ni
188,92_14545.html,8,7,、,記号,、,
189,92_14545.html,8,8,陀多,名詞,陀多,aa
190,92_14545.html,8,9,と,助詞,ト,o
191,92_14545.html,8,10,云う,動詞,イウ,iu
192,92_14545.html,8,11,男,名詞,オトコ,ooo
193,92_14545.html,8,12,が,助詞,ガ,a
194,92_14545.html,8,13,一,名詞,イチ,ii
195,92_14545.html,8,14,人,名詞,ニン,nin
196,92_14545.html,8,15,、,記号,、,
197,92_14545.html,8,16,ほか,名詞,ホカ,oa
198,92_14545.html,8,17,の,助詞,ノ,no
199,92_14545.html,8,18,罪人,名詞,ザイニン,ainin
200,92_14545.html,8,19,と,助詞,ト,o
201,92_14545.html,8,20,一,名詞,イチ,ii
202,92_14545.html,8,21,しょ,名詞,ショ,o
203,92_14545.html,8,22,に,助詞,ニ,ni
204,92_14545.html,8,23,蠢い,動詞,ウゴメイ,uoei
205,92_14545.html,8,24,て,助詞,テ,e
206,92_14545.html,8,25,いる,動詞,イル,iu
207,92_14545.html,8,26,姿,名詞,スガタ,uaa
208,92_14545.html,8,27,が,助詞,ガ,a
209,92_14545.html,8,28,、,記号,、,
210,92_14545.html,8,29,御,接頭詞,ゴ,o
211,92_14545.html,8,30,眼,名詞,メ,e
212,92_14545.html,8,31,に,助詞,ニ,ni
213,92_14545.html,8,32,止まり,動詞,トマリ,oai
214,92_14545.html,8,33,まし,助動詞,マシ,ai
215,92_14545.html,8,34,た,助動詞,タ,a
216,92_14545.html,8,35,。,記号,。,
217,92_14545.html,9,1,この,連体詞,コノ,ono
218,92_14545.html,9,2,陀多,名詞,陀多,aa
219,92_14545.html,9,3,と,助詞,ト,o
220,92_14545.html,9,4,云う,動詞,イウ,iu
221,92_14545.html,9,5,男,名詞,オトコ,ooo
222,92_14545.html,9,6,は,助詞,ハ,a
223,92_14545.html,9,7,、,記号,、,
224,92_14545.html,9,8,人,名詞,ヒト,io
225,92_14545.html,9,9,を,助詞,ヲ,o
226,92_14545.html,9,10,殺し,動詞,コロシ,ooi
227,92_14545.html,9,11,たり,助詞,タリ,ai
228,92_14545.html,9,12,家,名詞,イエ,ie
229,92_14545.html,9,13,に,助詞,ニ,ni
230,92_14545.html,9,14,火,名詞,ヒ,i
231,92_14545.html,9,15,を,助詞,ヲ,o
232,92_14545.html,9,16,つけ,動詞,ツケ,ue
233,92_14545.html,9,17,たり,助詞,タリ,ai
234,92_14545.html,9,18,、,記号,、,
235,92_14545.html,9,19,いろいろ,名詞,イロイロ,ioio
236,92_14545.html,9,20,悪事,名詞,アクジ,aui
237,92_14545.html,9,21,を,助詞,ヲ,o
238,92_14545.html,9,22,働い,動詞,ハタライ,aaai
239,92_14545.html,9,23,た,助動詞,タ,a
240,92_14545.html,9,24,大,接頭詞,ダイ,ai
241,92_14545.html,9,25,泥坊,名詞,ドロボウ,ooou
242,92_14545.html,9,26,で,助動詞,デ,e
243,92_14545.html,9,27,ござい,助動詞,ゴザイ,oai
244,92_14545.html,9,28,ます,助動詞,マス,au
245,92_14545.html,9,29,が,助詞,ガ,a
246,92_14545.html,9,30,、,記号,、,
247,92_14545.html,9,31,それでも,接続詞,ソレデモ,oeeo
248,92_14545.html,9,32,たった,副詞,タッタ,aa
249,92_14545.html,9,33,一つ,名詞,ヒトツ,iou
250,92_14545.html,9,34,、,記号,、,
251,92_14545.html,9,35,善い,形容詞,ヨイ,oi
252,92_14545.html,9,36,事,名詞,コト,oo
253,92_14545.html,9,37,を,助詞,ヲ,o
254,92_14545.html,9,38,致し,動詞,イタシ,iai
255,92_14545.html,9,39,た,助動詞,タ,a
256,92_14545.html,9,40,覚え,名詞,オボエ,ooe
257,92_14545.html,9,41,が,助詞,ガ,a
258,92_14545.html,9,42,ござい,動詞,ゴザイ,oai
259,92_14545.html,9,43,ます,助動詞,マス,au
260,92_14545.html,9,44,。,記号,。,
261,92_14545.html,10,1,と,助詞,ト,o
262,92_14545.html,10,2,申し,動詞,モウシ,oui
263,92_14545.html,10,3,ます,助動詞,マス,au
264,92_14545.html,10,4,の,名詞,ノ,no
265,92_14545.html,10,5,は,助詞,ハ,a
266,92_14545.html,10,6,、,記号,、,
267,92_14545.html,10,7,ある,連体詞,アル,au
268,92_14545.html,10,8,時,名詞,トキ,oi
269,92_14545.html,10,9,この,連体詞,コノ,ono
270,92_14545.html,10,10,男,名詞,オトコ,ooo
271,92_14545.html,10,11,が,助詞,ガ,a
272,92_14545.html,10,12,深い,形容詞,フカイ,uai
273,92_14545.html,10,13,林,名詞,ハヤシ,aai
274,92_14545.html,10,14,の,助詞,ノ,no
275,92_14545.html,10,15,中,名詞,ナカ,naa
276,92_14545.html,10,16,を,助詞,ヲ,o
277,92_14545.html,10,17,通り,動詞,トオリ,ooi
278,92_14545.html,10,18,ます,助動詞,マス,au
279,92_14545.html,10,19,と,助詞,ト,o
280,92_14545.html,10,20,、,記号,、,
281,92_14545.html,10,21,小さな,連体詞,チイサナ,iiana
282,92_14545.html,10,22,蜘蛛,名詞,クモ,uo
283,92_14545.html,10,23,が,助詞,ガ,a
284,92_14545.html,10,24,一,名詞,イチ,ii
285,92_14545.html,10,25,匹,名詞,ヒキ,ii
286,92_14545.html,10,26,、,記号,、,
287,92_14545.html,10,27,路,名詞,ミチ,ii
288,92_14545.html,10,28,ば,助詞,バ,a
289,92_14545.html,10,29,た,助動詞,タ,a
290,92_14545.html,10,30,を,助詞,ヲ,o
291,92_14545.html,10,31,這っ,動詞,ハッ,au
292,92_14545.html,10,32,て,助詞,テ,e
293,92_14545.html,10,33,行く,動詞,イク,iu
294,92_14545.html,10,34,の,名詞,ノ,no
295,92_14545.html,10,35,が,助詞,ガ,a
296,92_14545.html,10,36,見え,動詞,ミエ,ie
297,92_14545.html,10,37,まし,助動詞,マシ,ai
298,92_14545.html,10,38,た,助動詞,タ,a
299,92_14545.html,10,39,。,記号,。,
300,92_14545.html,11,1,そこで,接続詞,ソコデ,ooe
301,92_14545.html,11,2,陀多,名詞,陀多,aa
302,92_14545.html,11,3,は,助詞,ハ,a
303,92_14545.html,11,4,早速,副詞,サッソク,aou
304,92_14545.html,11,5,足,名詞,アシ,ai
305,92_14545.html,11,6,を,助詞,ヲ,o
306,92_14545.html,11,7,挙げ,動詞,アゲ,ae
307,92_14545.html,11,8,て,助詞,テ,e
308,92_14545.html,11,9,、,記号,、,
309,92_14545.html,11,10,踏み,動詞,フミ,ui
310,92_14545.html,11,11,殺そ,動詞,コロソ,ooo
311,92_14545.html,11,12,う,助動詞,ウ,u
312,92_14545.html,11,13,と,助詞,ト,o
313,92_14545.html,11,14,致し,動詞,イタシ,iai
314,92_14545.html,11,15,まし,助動詞,マシ,ai
315,92_14545.html,11,16,た,助動詞,タ,a
316,92_14545.html,11,17,が,助詞,ガ,a
317,92_14545.html,11,18,、,記号,、,
318,92_14545.html,12,1,「,記号,「,
319,92_14545.html,12,2,いや,接続詞,イヤ,ia
320,92_14545.html,12,3,、,記号,、,
321,92_14545.html,12,4,いや,接続詞,イヤ,ia
322,92_14545.html,12,5,、,記号,、,
323,92_14545.html,12,6,これ,名詞,コレ,oe
324,92_14545.html,12,7,も,助詞,モ,o
325,92_14545.html,12,8,小さい,形容詞,チイサイ,iiai
326,92_14545.html,12,9,ながら,助詞,ナガラ,naaa
327,92_14545.html,12,10,、,記号,、,
328,92_14545.html,12,11,命,名詞,イノチ,inoi
329,92_14545.html,12,12,の,助詞,ノ,no
330,92_14545.html,12,13,ある,動詞,アル,au
331,92_14545.html,12,14,もの,名詞,モノ,ono
332,92_14545.html,12,15,に,助詞,ニ,ni
333,92_14545.html,12,16,違い,名詞,チガイ,iai
334,92_14545.html,12,17,ない,助動詞,ナイ,nai
335,92_14545.html,12,18,。,記号,。,
336,92_14545.html,13,1,その,連体詞,ソノ,ono
337,92_14545.html,13,2,命,名詞,イノチ,inoi
338,92_14545.html,13,3,を,助詞,ヲ,o
339,92_14545.html,13,4,無,接頭詞,ム,u
340,92_14545.html,13,5,暗に,副詞,アンニ,anni
341,92_14545.html,13,6,とる,動詞,トル,ou
342,92_14545.html,13,7,と,助詞,ト,o
343,92_14545.html,13,8,云う,動詞,イウ,iu
344,92_14545.html,13,9,事,名詞,コト,oo
345,92_14545.html,13,10,は,助詞,ハ,a
346,92_14545.html,13,11,、,記号,、,
347,92_14545.html,13,12,いくら,副詞,イクラ,iua
348,92_14545.html,13,13,何,名詞,ナニ,nani
349,92_14545.html,13,14,でも,助詞,デモ,eo
350,92_14545.html,13,15,可哀そう,名詞,カワイソウ,aaiou
351,92_14545.html,13,16,だ,助動詞,ダ,a
352,92_14545.html,13,17,。,記号,。,
353,92_14545.html,13,18,」,記号,」,
354,92_14545.html,14,1,と,助詞,ト,o
355,92_14545.html,14,2,、,記号,、,
356,92_14545.html,14,3,こう,副詞,コウ,ou
357,92_14545.html,14,4,急,名詞,キュウ,iuu
358,92_14545.html,14,5,に,助詞,ニ,ni
359,92_14545.html,14,6,思い返し,動詞,オモイカエシ,ooiaei
360,92_14545.html,14,7,て,助詞,テ,e
361,92_14545.html,14,8,、,記号,、,
362,92_14545.html,14,9,とうとう,副詞,トウトウ,ouou
363,92_14545.html,14,10,その,連体詞,ソノ,ono
364,92_14545.html,14,11,蜘蛛,名詞,クモ,uo
365,92_14545.html,14,12,を,助詞,ヲ,o
366,92_14545.html,14,13,殺さ,動詞,コロサ,ooa
367,92_14545.html,14,14,ず,助動詞,ズ,u
368,92_14545.html,14,15,に,助詞,ニ,ni
369,92_14545.html,14,16,助け,動詞,タスケ,aue
370,92_14545.html,14,17,て,助詞,テ,e
371,92_14545.html,14,18,やっ,動詞,ヤッ,au
372,92_14545.html,14,19,た,助動詞,タ,a
373,92_14545.html,14,20,から,助詞,カラ,aa
374,92_14545.html,14,21,で,助動詞,デ,e
375,92_14545.html,14,22,ござい,助動詞,ゴザイ,oai
376,92_14545.html,14,23,ます,助動詞,マス,au
377,92_14545.html,14,24,。,記号,。,
378,92_14545.html,15,1,御釈迦様,名詞,オシャカサマ,oaaaa
379,92_14545.html,15,2,は,助詞,ハ,a
380,92_14545.html,15,3,地獄,名詞,ジゴク,iou
381,92_14545.html,15,4,の,助詞,ノ,no
382,92_14545.html,15,5,容子,名詞,ヨウス,ouu
383,92_14545.html,15,6,を,助詞,ヲ,o
384,92_14545.html,15,7,御覧,名詞,ゴラン,oan
385,92_14545.html,15,8,に,助詞,ニ,ni
386,92_14545.html,15,9,なり,動詞,ナリ,nai
387,92_14545.html,15,10,ながら,助詞,ナガラ,naaa
388,92_14545.html,15,11,、,記号,、,
389,92_14545.html,15,12,この,連体詞,コノ,ono
390,92_14545.html,15,13,陀多,名詞,陀多,aa
391,92_14545.html,15,14,に,助詞,ニ,ni
392,92_14545.html,15,15,は,助詞,ハ,a
393,92_14545.html,15,16,蜘蛛,名詞,クモ,uo
394,92_14545.html,15,17,を,助詞,ヲ,o
395,92_14545.html,15,18,助け,動詞,タスケ,aue
396,92_14545.html,15,19,た,助動詞,タ,a
397,92_14545.html,15,20,事,名詞,コト,oo
398,92_14545.html,15,21,が,助詞,ガ,a
399,92_14545.html,15,22,ある,動詞,アル,au
400,92_14545.html,15,23,の,名詞,ノ,no
401,92_14545.html,15,24,を,助詞,ヲ,o
402,92_14545.html,15,25,御,接頭詞,ゴ,o
403,92_14545.html,15,26,思い,名詞,オモイ,ooi
404,92_14545.html,15,27,出し,名詞,ダシ,ai
405,92_14545.html,15,28,に,助詞,ニ,ni
406,92_14545.html,15,29,なり,動詞,ナリ,nai
407,92_14545.html,15,30,まし,助動詞,マシ,ai
408,92_14545.html,15,31,た,助動詞,タ,a
409,92_14545.html,15,32,。,記号,。,
410,92_14545.html,16,1,そうして,接続詞,ソウシテ,ouie
411,92_14545.html,16,2,それ,名詞,ソレ,oe
412,92_14545.html,16,3,だけ,助詞,ダケ,ae
413,92_14545.html,16,4,の,助詞,ノ,no
414,92_14545.html,16,5,善い,形容詞,ヨイ,oi
415,92_14545.html,16,6,事,名詞,コト,oo
416,92_14545.html,16,7,を,助詞,ヲ,o
417,92_14545.html,16,8,し,動詞,シ,i
418,92_14545.html,16,9,た,助動詞,タ,a
419,92_14545.html,16,10,報,名詞,ホウ,ou
420,92_14545.html,16,11,に,助詞,ニ,ni
421,92_14545.html,16,12,は,助詞,ハ,a
422,92_14545.html,16,13,、,記号,、,
423,92_14545.html,16,14,出来る,動詞,デキル,eiu
424,92_14545.html,16,15,なら,助動詞,ナラ,naa
425,92_14545.html,16,16,、,記号,、,
426,92_14545.html,16,17,この,連体詞,コノ,ono
427,92_14545.html,16,18,男,名詞,オトコ,ooo
428,92_14545.html,16,19,を,助詞,ヲ,o
429,92_14545.html,16,20,地獄,名詞,ジゴク,iou
430,92_14545.html,16,21,から,助詞,カラ,aa
431,92_14545.html,16,22,救い出し,動詞,スクイダシ,uuiai
432,92_14545.html,16,23,て,助詞,テ,e
433,92_14545.html,16,24,やろ,動詞,ヤロ,ao
434,92_14545.html,16,25,う,助動詞,ウ,u
435,92_14545.html,16,26,と,助詞,ト,o
436,92_14545.html,16,27,御,接頭詞,ゴ,o
437,92_14545.html,16,28,考え,名詞,カンガエ,anae
438,92_14545.html,16,29,に,助詞,ニ,ni
439,92_14545.html,16,30,なり,動詞,ナリ,nai
440,92_14545.html,16,31,まし,助動詞,マシ,ai
441,92_14545.html,16,32,た,助動詞,タ,a
442,92_14545.html,16,33,。,記号,。,
443,92_14545.html,17,1,幸い,副詞,サイワイ,aiai
444,92_14545.html,17,2,、,記号,、,
445,92_14545.html,17,3,側,名詞,ガワ,aa
446,92_14545.html,17,4,を,助詞,ヲ,o
447,92_14545.html,17,5,見,動詞,ミ,i
448,92_14545.html,17,6,ます,助動詞,マス,au
449,92_14545.html,17,7,と,助詞,ト,o
450,92_14545.html,17,8,、,記号,、,
451,92_14545.html,17,9,翡翠,名詞,カワセミ,aaei
452,92_14545.html,17,10,の,助詞,ノ,no
453,92_14545.html,17,11,よう,名詞,ヨウ,ou
454,92_14545.html,17,12,な,助動詞,ナ,na
455,92_14545.html,17,13,色,名詞,イロ,io
456,92_14545.html,17,14,を,助詞,ヲ,o
457,92_14545.html,17,15,し,動詞,シ,i
458,92_14545.html,17,16,た,助動詞,タ,a
459,92_14545.html,17,17,蓮,名詞,ハチス,aiu
460,92_14545.html,17,18,の,助詞,ノ,no
461,92_14545.html,17,19,葉,名詞,ハ,a
462,92_14545.html,17,20,の,助詞,ノ,no
463,92_14545.html,17,21,上,名詞,ジョウ,ou
464,92_14545.html,17,22,に,助詞,ニ,ni
465,92_14545.html,17,23,、,記号,、,
466,92_14545.html,17,24,極楽,名詞,ゴクラク,ouau
467,92_14545.html,17,25,の,助詞,ノ,no
468,92_14545.html,17,26,蜘蛛,名詞,クモ,uo
469,92_14545.html,17,27,が,助詞,ガ,a
470,92_14545.html,17,28,一,名詞,イチ,ii
471,92_14545.html,17,29,匹,名詞,ヒキ,ii
472,92_14545.html,17,30,、,記号,、,
473,92_14545.html,17,31,美しい,形容詞,ウツクシイ,uuuii
474,92_14545.html,17,32,銀色,名詞,ギンイロ,inio
475,92_14545.html,17,33,の,助詞,ノ,no
476,92_14545.html,17,34,糸,名詞,イト,io
477,92_14545.html,17,35,を,助詞,ヲ,o
478,92_14545.html,17,36,かけ,動詞,カケ,ae
479,92_14545.html,17,37,て,助詞,テ,e
480,92_14545.html,17,38,居り,動詞,オリ,oi
481,92_14545.html,17,39,ます,助動詞,マス,au
482,92_14545.html,17,40,。,記号,。,
483,92_14545.html,18,1,御釈迦様,名詞,オシャカサマ,oaaaa
484,92_14545.html,18,2,は,助詞,ハ,a
485,92_14545.html,18,3,その,連体詞,ソノ,ono
486,92_14545.html,18,4,蜘蛛,名詞,クモ,uo
487,92_14545.html,18,5,の,助詞,ノ,no
488,92_14545.html,18,6,糸,名詞,イト,io
489,92_14545.html,18,7,を,助詞,ヲ,o
490,92_14545.html,18,8,そっと,副詞,ソット,oo
491,92_14545.html,18,9,御,接頭詞,ゴ,o
492,92_14545.html,18,10,手,名詞,テ,e
493,92_14545.html,18,11,に,助詞,ニ,ni
494,92_14545.html,18,12,御,接頭詞,ゴ,o
495,92_14545.html,18,13,取り,名詞,トリ,oi
496,92_14545.html,18,14,に,助詞,ニ,ni
497,92_14545.html,18,15,なっ,動詞,ナッ,nau
498,92_14545.html,18,16,て,助詞,テ,e
499,92_14545.html,18,17,、,記号,、,
500,92_14545.html,18,18,玉,名詞,タマ,aa
501,92_14545.html,18,19,の,助詞,ノ,no
502,92_14545.html,18,20,よう,名詞,ヨウ,ou
503,92_14545.html,18,21,な,助動詞,ナ,na
504,92_14545.html,18,22,白蓮,名詞,ビャクレン,auen
505,92_14545.html,18,23,の,助詞,ノ,no
506,92_14545.html,18,24,間,名詞,マ,a
507,92_14545.html,18,25,から,助詞,カラ,aa
508,92_14545.html,18,26,、,記号,、,
509,92_14545.html,18,27,遥か,名詞,ハルカ,aua
510,92_14545.html,18,28,下,名詞,カ,a
511,92_14545.html,18,29,に,助詞,ニ,ni
512,92_14545.html,18,30,ある,動詞,アル,au
513,92_14545.html,18,31,地獄,名詞,ジゴク,iou
514,92_14545.html,18,32,の,助詞,ノ,no
515,92_14545.html,18,33,底,名詞,ソコ,oo
516,92_14545.html,18,34,へ,助詞,ヘ,e
517,92_14545.html,18,35,、,記号,、,
518,92_14545.html,18,36,まっすぐ,名詞,マッスグ,auu
519,92_14545.html,18,37,に,助詞,ニ,ni
520,92_14545.html,18,38,それ,名詞,ソレ,oe
521,92_14545.html,18,39,を,助詞,ヲ,o
522,92_14545.html,18,40,御下,名詞,オシモ,oio
523,92_14545.html,18,41,し,動詞,シ,i
524,92_14545.html,18,42,なさい,動詞,ナサイ,naai
525,92_14545.html,18,43,まし,助動詞,マシ,ai
526,92_14545.html,18,44,た,助動詞,タ,a
527,92_14545.html,18,45,。,記号,。,
528,92_14545.html,19,1,二,名詞,ニ,ni
529,92_14545.html,20,1,こちら,名詞,コチラ,oia
530,92_14545.html,20,2,は,助詞,ハ,a
531,92_14545.html,20,3,地獄,名詞,ジゴク,iou
532,92_14545.html,20,4,の,助詞,ノ,no
533,92_14545.html,20,5,底,名詞,ソコ,oo
534,92_14545.html,20,6,の,助詞,ノ,no
535,92_14545.html,20,7,血の池,名詞,チノイケ,inoie
536,92_14545.html,20,8,で,助詞,デ,e
537,92_14545.html,20,9,、,記号,、,
538,92_14545.html,20,10,ほか,名詞,ホカ,oa
539,92_14545.html,20,11,の,助詞,ノ,no
540,92_14545.html,20,12,罪人,名詞,ザイニン,ainin
541,92_14545.html,20,13,と,助詞,ト,o
542,92_14545.html,20,14,一,名詞,イチ,ii
543,92_14545.html,20,15,しょ,名詞,ショ,o
544,92_14545.html,20,16,に,助詞,ニ,ni
545,92_14545.html,20,17,、,記号,、,
546,92_14545.html,20,18,浮い,動詞,ウイ,ui
547,92_14545.html,20,19,たり,助詞,タリ,ai
548,92_14545.html,20,20,沈ん,動詞,シズン,iun
549,92_14545.html,20,21,だり,助詞,ダリ,ai
550,92_14545.html,20,22,し,動詞,シ,i
551,92_14545.html,20,23,て,助詞,テ,e
552,92_14545.html,20,24,い,動詞,イ,i
553,92_14545.html,20,25,た,助動詞,タ,a
554,92_14545.html,20,26,陀多,名詞,陀多,aa
555,92_14545.html,20,27,で,助動詞,デ,e
556,92_14545.html,20,28,ござい,助動詞,ゴザイ,oai
557,92_14545.html,20,29,ます,助動詞,マス,au
558,92_14545.html,20,30,。,記号,。,
559,92_14545.html,21,1,何しろ,副詞,ナニシロ,naniio
560,92_14545.html,21,2,どちら,名詞,ドチラ,oia
561,92_14545.html,21,3,を,助詞,ヲ,o
562,92_14545.html,21,4,見,動詞,ミ,i
563,92_14545.html,21,5,て,助詞,テ,e
564,92_14545.html,21,6,も,助詞,モ,o
565,92_14545.html,21,7,、,記号,、,
566,92_14545.html,21,8,まっ暗,名詞,マックラ,aua
567,92_14545.html,21,9,で,助動詞,デ,e
568,92_14545.html,21,10,、,記号,、,
569,92_14545.html,21,11,たまに,副詞,タマニ,aani
570,92_14545.html,21,12,その,連体詞,ソノ,ono
571,92_14545.html,21,13,くら,形容詞,クラ,ua
572,92_14545.html,21,14,暗から,形容詞,クラカラ,uaaa
573,92_14545.html,21,15,ぼんやり,副詞,ボンヤリ,onai
574,92_14545.html,21,16,浮き,動詞,ウキ,ui
575,92_14545.html,21,17,上っ,動詞,ノボッ,noou
576,92_14545.html,21,18,て,助詞,テ,e
577,92_14545.html,21,19,いる,動詞,イル,iu
578,92_14545.html,21,20,もの,名詞,モノ,ono
579,92_14545.html,21,21,が,助詞,ガ,a
580,92_14545.html,21,22,ある,動詞,アル,au
581,92_14545.html,21,23,と,助詞,ト,o
582,92_14545.html,21,24,思い,動詞,オモイ,ooi
583,92_14545.html,21,25,ます,助動詞,マス,au
584,92_14545.html,21,26,と,助詞,ト,o
585,92_14545.html,21,27,、,記号,、,
586,92_14545.html,21,28,それ,名詞,ソレ,oe
587,92_14545.html,21,29,は,助詞,ハ,a
588,92_14545.html,21,30,恐し,形容詞,コワシ,oai
589,92_14545.html,21,31,い,動詞,イ,i
590,92_14545.html,21,32,針,名詞,ハリ,ai
591,92_14545.html,21,33,の,助詞,ノ,no
592,92_14545.html,21,34,山,名詞,ヤマ,aa
593,92_14545.html,21,35,の,助詞,ノ,no
594,92_14545.html,21,36,針,名詞,ハリ,ai
595,92_14545.html,21,37,が,助詞,ガ,a
596,92_14545.html,21,38,光る,動詞,ヒカル,iau
597,92_14545.html,21,39,の,名詞,ノ,no
598,92_14545.html,21,40,で,助動詞,デ,e
599,92_14545.html,21,41,ござい,助動詞,ゴザイ,oai
600,92_14545.html,21,42,ます,助動詞,マス,au
601,92_14545.html,21,43,から,助詞,カラ,aa
602,92_14545.html,21,44,、,記号,、,
603,92_14545.html,21,45,その,連体詞,ソノ,ono
604,92_14545.html,21,46,心細,形容詞,ココロボソ,ooooo
605,92_14545.html,21,47,さ,名詞,サ,a
606,92_14545.html,21,48,と,助詞,ト,o
607,92_14545.html,21,49,云っ,動詞,ユッ,uu
608,92_14545.html,21,50,たら,助動詞,タラ,aa
609,92_14545.html,21,51,ござい,助動詞,ゴザイ,oai
610,92_14545.html,21,52,ませ,助動詞,マセ,ae
611,92_14545.html,21,53,ん,助動詞,ン,n
612,92_14545.html,21,54,。,記号,。,
613,92_14545.html,22,1,その,連体詞,ソノ,ono
614,92_14545.html,22,2,上,名詞,ウエ,ue
615,92_14545.html,22,3,あたり,名詞,アタリ,aai
616,92_14545.html,22,4,は,助詞,ハ,a
617,92_14545.html,22,5,墓,名詞,ハカ,aa
618,92_14545.html,22,6,の,助詞,ノ,no
619,92_14545.html,22,7,中,名詞,ナカ,naa
620,92_14545.html,22,8,の,助詞,ノ,no
621,92_14545.html,22,9,よう,名詞,ヨウ,ou
622,92_14545.html,22,10,に,助詞,ニ,ni
623,92_14545.html,22,11,しんと,副詞,シント,ino
624,92_14545.html,22,12,静まり返っ,動詞,シズマリカエッ,iuaiaeu
625,92_14545.html,22,13,て,助詞,テ,e
626,92_14545.html,22,14,、,記号,、,
627,92_14545.html,22,15,たま,名詞,タマ,aa
628,92_14545.html,22,16,に,助詞,ニ,ni
629,92_14545.html,22,17,聞える,動詞,キコエル,ioeu
630,92_14545.html,22,18,もの,名詞,モノ,ono
631,92_14545.html,22,19,と,助詞,ト,o
632,92_14545.html,22,20,云っ,動詞,ユッ,uu
633,92_14545.html,22,21,て,助詞,テ,e
634,92_14545.html,22,22,は,助詞,ハ,a
635,92_14545.html,22,23,、,記号,、,
636,92_14545.html,22,24,ただ,接続詞,タダ,aa
637,92_14545.html,22,25,罪人,名詞,ザイニン,ainin
638,92_14545.html,22,26,が,助詞,ガ,a
639,92_14545.html,22,27,つく,動詞,ツク,uu
640,92_14545.html,22,28,微,接頭詞,ホロ,oo
641,92_14545.html,22,29,な,助動詞,ナ,na
642,92_14545.html,22,30,嘆息,名詞,タンソク,anou
643,92_14545.html,22,31,ばかり,助詞,バカリ,aai
644,92_14545.html,22,32,で,助動詞,デ,e
645,92_14545.html,22,33,ござい,助動詞,ゴザイ,oai
646,92_14545.html,22,34,ます,助動詞,マス,au
647,92_14545.html,22,35,。,記号,。,
648,92_14545.html,23,1,これ,名詞,コレ,oe
649,92_14545.html,23,2,は,助詞,ハ,a
650,92_14545.html,23,3,ここ,名詞,ココ,oo
651,92_14545.html,23,4,へ,助詞,ヘ,e
652,92_14545.html,23,5,落ち,動詞,オチ,oi
653,92_14545.html,23,6,て,助詞,テ,e
654,92_14545.html,23,7,来る,動詞,クル,uu
655,92_14545.html,23,8,ほど,助詞,ホド,oo
656,92_14545.html,23,9,の,助詞,ノ,no
657,92_14545.html,23,10,人間,名詞,ニンゲン,ninen
658,92_14545.html,23,11,は,助詞,ハ,a
659,92_14545.html,23,12,、,記号,、,
660,92_14545.html,23,13,もう,副詞,モウ,ou
661,92_14545.html,23,14,さまざま,名詞,サマザマ,aaaa
662,92_14545.html,23,15,な,助動詞,ナ,na
663,92_14545.html,23,16,地獄,名詞,ジゴク,iou
664,92_14545.html,23,17,の,助詞,ノ,no
665,92_14545.html,23,18,責苦,名詞,セメク,eeu
666,92_14545.html,23,19,に,助詞,ニ,ni
667,92_14545.html,23,20,疲れはて,動詞,ツカレハテ,uaeae
668,92_14545.html,23,21,て,助詞,テ,e
669,92_14545.html,23,22,、,記号,、,
670,92_14545.html,23,23,泣声,名詞,泣声,uuoe
671,92_14545.html,23,24,を,助詞,ヲ,o
672,92_14545.html,23,25,出す,動詞,ダス,au
673,92_14545.html,23,26,力,名詞,チカラ,iaa
674,92_14545.html,23,27,さえ,助詞,サエ,ae
675,92_14545.html,23,28,なくなっ,動詞,ナクナッ,naunau
676,92_14545.html,23,29,て,助詞,テ,e
677,92_14545.html,23,30,いる,動詞,イル,iu
678,92_14545.html,23,31,の,名詞,ノ,no
679,92_14545.html,23,32,で,助動詞,デ,e
680,92_14545.html,23,33,ござい,助動詞,ゴザイ,oai
681,92_14545.html,23,34,ましょ,助動詞,マショ,ao
682,92_14545.html,23,35,う,助動詞,ウ,u
683,92_14545.html,23,36,。,記号,。,
684,92_14545.html,24,1,ですから,接続詞,デスカラ,euaa
685,92_14545.html,24,2,さすが,副詞,サスガ,aua
686,92_14545.html,24,3,大,接頭詞,ダイ,ai
687,92_14545.html,24,4,泥坊,名詞,ドロボウ,ooou
688,92_14545.html,24,5,の,助詞,ノ,no
689,92_14545.html,24,6,陀多,名詞,陀多,aa
690,92_14545.html,24,7,も,助詞,モ,o
691,92_14545.html,24,8,、,記号,、,
692,92_14545.html,24,9,やはり,副詞,ヤハリ,aai
693,92_14545.html,24,10,血の池,名詞,チノイケ,inoie
694,92_14545.html,24,11,の,助詞,ノ,no
695,92_14545.html,24,12,血,名詞,チ,i
696,92_14545.html,24,13,に,助詞,ニ,ni
697,92_14545.html,24,14,咽び,動詞,ムセビ,uei
698,92_14545.html,24,15,ながら,助詞,ナガラ,naaa
699,92_14545.html,24,16,、,記号,、,
700,92_14545.html,24,17,まるで,副詞,マルデ,aue
701,92_14545.html,24,18,死に,動詞,シニ,ini
702,92_14545.html,24,19,かかっ,動詞,カカッ,aau
703,92_14545.html,24,20,た,助動詞,タ,a
704,92_14545.html,24,21,蛙,名詞,カエル,aeu
705,92_14545.html,24,22,の,助詞,ノ,no
706,92_14545.html,24,23,よう,名詞,ヨウ,ou
707,92_14545.html,24,24,に,助詞,ニ,ni
708,92_14545.html,24,25,、,記号,、,
709,92_14545.html,24,26,ただ,接続詞,タダ,aa
710,92_14545.html,24,27,もがい,動詞,モガイ,oai
711,92_14545.html,24,28,て,助詞,テ,e
712,92_14545.html,24,29,ばかり,助詞,バカリ,aai
713,92_14545.html,24,30,居り,動詞,オリ,oi
714,92_14545.html,24,31,まし,助動詞,マシ,ai
715,92_14545.html,24,32,た,助動詞,タ,a
716,92_14545.html,24,33,。,記号,。,
717,92_14545.html,25,1,ところが,接続詞,トコロガ,oooa
718,92_14545.html,25,2,ある,連体詞,アル,au
719,92_14545.html,25,3,時,名詞,トキ,oi
720,92_14545.html,25,4,の,助詞,ノ,no
721,92_14545.html,25,5,事,名詞,コト,oo
722,92_14545.html,25,6,で,助動詞,デ,e
723,92_14545.html,25,7,ござい,助動詞,ゴザイ,oai
724,92_14545.html,25,8,ます,助動詞,マス,au
725,92_14545.html,25,9,。,記号,。,
726,92_14545.html,26,1,何気なく,形容詞,ナニゲナク,nanienau
727,92_14545.html,26,2,陀多,名詞,陀多,aa
728,92_14545.html,26,3,が,助詞,ガ,a
729,92_14545.html,26,4,頭,名詞,アタマ,aaa
730,92_14545.html,26,5,を,助詞,ヲ,o
731,92_14545.html,26,6,挙げ,動詞,アゲ,ae
732,92_14545.html,26,7,て,助詞,テ,e
733,92_14545.html,26,8,、,記号,、,
734,92_14545.html,26,9,血の池,名詞,チノイケ,inoie
735,92_14545.html,26,10,の,助詞,ノ,no
736,92_14545.html,26,11,空,名詞,ソラ,oa
737,92_14545.html,26,12,を,助詞,ヲ,o
738,92_14545.html,26,13,眺め,動詞,ナガメ,naae
739,92_14545.html,26,14,ます,助動詞,マス,au
740,92_14545.html,26,15,と,助詞,ト,o
741,92_14545.html,26,16,、,記号,、,
742,92_14545.html,26,17,その,連体詞,ソノ,ono
743,92_14545.html,26,18,ひっそり,副詞,ヒッソリ,ioi
744,92_14545.html,26,19,と,助詞,ト,o
745,92_14545.html,26,20,し,動詞,シ,i
746,92_14545.html,26,21,た,助動詞,タ,a
747,92_14545.html,26,22,暗,形容詞,クラ,ua
748,92_14545.html,26,23,の,助詞,ノ,no
749,92_14545.html,26,24,中,名詞,ナカ,naa
750,92_14545.html,26,25,を,助詞,ヲ,o
751,92_14545.html,26,26,、,記号,、,
752,92_14545.html,26,27,遠い,形容詞,トオイ,ooi
753,92_14545.html,26,28,遠い,形容詞,トオイ,ooi
754,92_14545.html,26,29,天上,名詞,テンジョウ,enou
755,92_14545.html,26,30,から,助詞,カラ,aa
756,92_14545.html,26,31,、,記号,、,
757,92_14545.html,26,32,銀色,名詞,ギンイロ,inio
758,92_14545.html,26,33,の,助詞,ノ,no
759,92_14545.html,26,34,蜘蛛,名詞,クモ,uo
760,92_14545.html,26,35,の,助詞,ノ,no
761,92_14545.html,26,36,糸,名詞,イト,io
762,92_14545.html,26,37,が,助詞,ガ,a
763,92_14545.html,26,38,、,記号,、,
764,92_14545.html,26,39,まるで,副詞,マルデ,aue
765,92_14545.html,26,40,人目,名詞,ヒトメ,ioe
766,92_14545.html,26,41,に,助詞,ニ,ni
767,92_14545.html,26,42,かかる,動詞,カカル,aau
768,92_14545.html,26,43,の,名詞,ノ,no
769,92_14545.html,26,44,を,助詞,ヲ,o
770,92_14545.html,26,45,恐れる,動詞,オソレル,ooeu
771,92_14545.html,26,46,よう,名詞,ヨウ,ou
772,92_14545.html,26,47,に,助詞,ニ,ni
773,92_14545.html,26,48,、,記号,、,
774,92_14545.html,26,49,一すじ,名詞,ヒトスジ,ioui
775,92_14545.html,26,50,細く,形容詞,ホソク,oou
776,92_14545.html,26,51,光り,動詞,ヒカリ,iai
777,92_14545.html,26,52,ながら,助詞,ナガラ,naaa
778,92_14545.html,26,53,、,記号,、,
779,92_14545.html,26,54,するする,副詞,スルスル,uuuu
780,92_14545.html,26,55,と,助詞,ト,o
781,92_14545.html,26,56,自分,名詞,ジブン,iun
782,92_14545.html,26,57,の,助詞,ノ,no
783,92_14545.html,26,58,上,名詞,ウエ,ue
784,92_14545.html,26,59,へ,助詞,ヘ,e
785,92_14545.html,26,60,垂れ,動詞,シダレ,iae
786,92_14545.html,26,61,て,助詞,テ,e
787,92_14545.html,26,62,参る,動詞,マイル,aiu
788,92_14545.html,26,63,の,名詞,ノ,no
789,92_14545.html,26,64,で,助動詞,デ,e
790,92_14545.html,26,65,は,助詞,ハ,a
791,92_14545.html,26,66,ござい,助動詞,ゴザイ,oai
792,92_14545.html,26,67,ませ,助動詞,マセ,ae
793,92_14545.html,26,68,ん,助動詞,ン,n
794,92_14545.html,26,69,か,助詞,カ,a
795,92_14545.html,26,70,。,記号,。,
796,92_14545.html,27,1,陀多,名詞,陀多,aa
797,92_14545.html,27,2,は,助詞,ハ,a
798,92_14545.html,27,3,これ,名詞,コレ,oe
799,92_14545.html,27,4,を,助詞,ヲ,o
800,92_14545.html,27,5,見る,動詞,ミル,iu
801,92_14545.html,27,6,と,助詞,ト,o
802,92_14545.html,27,7,、,記号,、,
803,92_14545.html,27,8,思わず,副詞,オモワズ,ooau
804,92_14545.html,27,9,手,名詞,テ,e
805,92_14545.html,27,10,を,助詞,ヲ,o
806,92_14545.html,27,11,拍,名詞,ハク,au
807,92_14545.html,27,12,って,助詞,ッテ,e
808,92_14545.html,27,13,喜び,動詞,ヨロコビ,oooi
809,92_14545.html,27,14,まし,助動詞,マシ,ai
810,92_14545.html,27,15,た,助動詞,タ,a
811,92_14545.html,27,16,。,記号,。,
812,92_14545.html,28,1,この,連体詞,コノ,ono
813,92_14545.html,28,2,糸,名詞,イト,io
814,92_14545.html,28,3,に,助詞,ニ,ni
815,92_14545.html,28,4,縋り,動詞,スガリ,uai
816,92_14545.html,28,5,ついて,動詞,ツイテ,uie
817,92_14545.html,28,6,、,記号,、,
818,92_14545.html,28,7,どこ,名詞,ドコ,oo
819,92_14545.html,28,8,まで,助詞,マデ,ae
820,92_14545.html,28,9,も,助詞,モ,o
821,92_14545.html,28,10,のぼっ,動詞,ノボッ,noou
822,92_14545.html,28,11,て,助詞,テ,e
823,92_14545.html,28,12,行け,動詞,イケ,ie
824,92_14545.html,28,13,ば,助詞,バ,a
825,92_14545.html,28,14,、,記号,、,
826,92_14545.html,28,15,きっと,副詞,キット,io
827,92_14545.html,28,16,地獄,名詞,ジゴク,iou
828,92_14545.html,28,17,から,助詞,カラ,aa
829,92_14545.html,28,18,ぬけ,動詞,ヌケ,nue
830,92_14545.html,28,19,出せる,動詞,ダセル,aeu
831,92_14545.html,28,20,の,名詞,ノ,no
832,92_14545.html,28,21,に,助詞,ニ,ni
833,92_14545.html,28,22,相違,名詞,ソウイ,oui
834,92_14545.html,28,23,ござい,助動詞,ゴザイ,oai
835,92_14545.html,28,24,ませ,助動詞,マセ,ae
836,92_14545.html,28,25,ん,助動詞,ン,n
837,92_14545.html,28,26,。,記号,。,
838,92_14545.html,29,1,いや,接続詞,イヤ,ia
839,92_14545.html,29,2,、,記号,、,
840,92_14545.html,29,3,うまく,形容詞,ウマク,uau
841,92_14545.html,29,4,行く,動詞,イク,iu
842,92_14545.html,29,5,と,助詞,ト,o
843,92_14545.html,29,6,、,記号,、,
844,92_14545.html,29,7,極楽,名詞,ゴクラク,ouau
845,92_14545.html,29,8,へ,助詞,ヘ,e
846,92_14545.html,29,9,はいる,動詞,ハイル,aiu
847,92_14545.html,29,10,事,名詞,コト,oo
848,92_14545.html,29,11,さえ,助詞,サエ,ae
849,92_14545.html,29,12,も,助詞,モ,o
850,92_14545.html,29,13,出来,動詞,デキ,ei
851,92_14545.html,29,14,ましょ,助動詞,マショ,ao
852,92_14545.html,29,15,う,助動詞,ウ,u
853,92_14545.html,29,16,。,記号,。,
854,92_14545.html,30,1,そう,副詞,ソウ,ou
855,92_14545.html,30,2,すれ,動詞,スレ,ue
856,92_14545.html,30,3,ば,助詞,バ,a
857,92_14545.html,30,4,、,記号,、,
858,92_14545.html,30,5,もう,副詞,モウ,ou
859,92_14545.html,30,6,針,名詞,ハリ,ai
860,92_14545.html,30,7,の,助詞,ノ,no
861,92_14545.html,30,8,山,名詞,ヤマ,aa
862,92_14545.html,30,9,へ,助詞,ヘ,e
863,92_14545.html,30,10,追い上げ,動詞,オイアゲ,oiae
864,92_14545.html,30,11,られる,動詞,ラレル,aeu
865,92_14545.html,30,12,事,名詞,コト,oo
866,92_14545.html,30,13,も,助詞,モ,o
867,92_14545.html,30,14,なくなれ,動詞,ナクナレ,naunae
868,92_14545.html,30,15,ば,助詞,バ,a
869,92_14545.html,30,16,、,記号,、,
870,92_14545.html,30,17,血の池,名詞,チノイケ,inoie
871,92_14545.html,30,18,に,助詞,ニ,ni
872,92_14545.html,30,19,沈め,動詞,シズメ,iue
873,92_14545.html,30,20,られる,動詞,ラレル,aeu
874,92_14545.html,30,21,事,名詞,コト,oo
875,92_14545.html,30,22,も,助詞,モ,o
876,92_14545.html,30,23,ある,動詞,アル,au
877,92_14545.html,30,24,筈,名詞,ハズ,au
878,92_14545.html,30,25,は,助詞,ハ,a
879,92_14545.html,30,26,ござい,助動詞,ゴザイ,oai
880,92_14545.html,30,27,ませ,助動詞,マセ,ae
881,92_14545.html,30,28,ん,助動詞,ン,n
882,92_14545.html,30,29,。,記号,。,
883,92_14545.html,31,1,こう,副詞,コウ,ou
884,92_14545.html,31,2,思い,動詞,オモイ,ooi
885,92_14545.html,31,3,まし,助動詞,マシ,ai
886,92_14545.html,31,4,た,助動詞,タ,a
887,92_14545.html,31,5,から,助詞,カラ,aa
888,92_14545.html,31,6,陀多,名詞,陀多,aa
889,92_14545.html,31,7,は,助詞,ハ,a
890,92_14545.html,31,8,、,記号,、,
891,92_14545.html,31,9,早速,副詞,サッソク,aou
892,92_14545.html,31,10,その,連体詞,ソノ,ono
893,92_14545.html,31,11,蜘蛛,名詞,クモ,uo
894,92_14545.html,31,12,の,助詞,ノ,no
895,92_14545.html,31,13,糸,名詞,イト,io
896,92_14545.html,31,14,を,助詞,ヲ,o
897,92_14545.html,31,15,両手,名詞,リョウテ,oue
898,92_14545.html,31,16,で,助詞,デ,e
899,92_14545.html,31,17,しっかり,副詞,シッカリ,iai
900,92_14545.html,31,18,と,助詞,ト,o
901,92_14545.html,31,19,つかみ,動詞,ツカミ,uai
902,92_14545.html,31,20,ながら,助詞,ナガラ,naaa
903,92_14545.html,31,21,、,記号,、,
904,92_14545.html,31,22,一生懸命,名詞,イッショウケンメイ,iouenei
905,92_14545.html,31,23,に,助詞,ニ,ni
906,92_14545.html,31,24,上,名詞,ウエ,ue
907,92_14545.html,31,25,へ,助詞,ヘ,e
908,92_14545.html,31,26,上,名詞,ウエ,ue
909,92_14545.html,31,27,へ,助詞,ヘ,e
910,92_14545.html,31,28,と,助詞,ト,o
911,92_14545.html,31,29,たぐり,動詞,タグリ,aui
912,92_14545.html,31,30,のぼり,動詞,ノボリ,nooi
913,92_14545.html,31,31,始め,動詞,ハジメ,aie
914,92_14545.html,31,32,まし,助動詞,マシ,ai
915,92_14545.html,31,33,た,助動詞,タ,a
916,92_14545.html,31,34,。,記号,。,
917,92_14545.html,32,1,元より,副詞,モトヨリ,oooi
918,92_14545.html,32,2,大,接頭詞,ダイ,ai
919,92_14545.html,32,3,泥坊,名詞,ドロボウ,ooou
920,92_14545.html,32,4,の,助詞,ノ,no
921,92_14545.html,32,5,事,名詞,コト,oo
922,92_14545.html,32,6,で,助動詞,デ,e
923,92_14545.html,32,7,ござい,助動詞,ゴザイ,oai
924,92_14545.html,32,8,ます,助動詞,マス,au
925,92_14545.html,32,9,から,助詞,カラ,aa
926,92_14545.html,32,10,、,記号,、,
927,92_14545.html,32,11,こう,副詞,コウ,ou
928,92_14545.html,32,12,云う,動詞,イウ,iu
929,92_14545.html,32,13,事,名詞,コト,oo
930,92_14545.html,32,14,に,助詞,ニ,ni
931,92_14545.html,32,15,は,助詞,ハ,a
932,92_14545.html,32,16,昔,名詞,ムカシ,uai
933,92_14545.html,32,17,から,助詞,カラ,aa
934,92_14545.html,32,18,、,記号,、,
935,92_14545.html,32,19,慣れ,動詞,ナレ,nae
936,92_14545.html,32,20,切っ,動詞,キッ,iu
937,92_14545.html,32,21,て,助詞,テ,e
938,92_14545.html,32,22,いる,動詞,イル,iu
939,92_14545.html,32,23,の,名詞,ノ,no
940,92_14545.html,32,24,で,助動詞,デ,e
941,92_14545.html,32,25,ござい,助動詞,ゴザイ,oai
942,92_14545.html,32,26,ます,助動詞,マス,au
943,92_14545.html,32,27,。,記号,。,
944,92_14545.html,33,1,しかし,接続詞,シカシ,iai
945,92_14545.html,33,2,地獄,名詞,ジゴク,iou
946,92_14545.html,33,3,と,助詞,ト,o
947,92_14545.html,33,4,極楽,名詞,ゴクラク,ouau
948,92_14545.html,33,5,と,助詞,ト,o
949,92_14545.html,33,6,の,助詞,ノ,no
950,92_14545.html,33,7,間,名詞,マ,a
951,92_14545.html,33,8,は,助詞,ハ,a
952,92_14545.html,33,9,、,記号,、,
953,92_14545.html,33,10,何,名詞,ナニ,nani
954,92_14545.html,33,11,万,名詞,マン,an
955,92_14545.html,33,12,里,名詞,リ,i
956,92_14545.html,33,13,と,助詞,ト,o
957,92_14545.html,33,14,なく,形容詞,ナク,nau
958,92_14545.html,33,15,ござい,助動詞,ゴザイ,oai
959,92_14545.html,33,16,ます,助動詞,マス,au
960,92_14545.html,33,17,から,助詞,カラ,aa
961,92_14545.html,33,18,、,記号,、,
962,92_14545.html,33,19,いくら,副詞,イクラ,iua
963,92_14545.html,33,20,焦っ,動詞,アセッ,aeu
964,92_14545.html,33,21,て,助詞,テ,e
965,92_14545.html,33,22,見,動詞,ミ,i
966,92_14545.html,33,23,た,助動詞,タ,a
967,92_14545.html,33,24,所,名詞,トコロ,ooo
968,92_14545.html,33,25,で,助詞,デ,e
969,92_14545.html,33,26,、,記号,、,
970,92_14545.html,33,27,容易,名詞,ヨウイ,oui
971,92_14545.html,33,28,に,助詞,ニ,ni
972,92_14545.html,33,29,上,名詞,ウエ,ue
973,92_14545.html,33,30,へ,助詞,ヘ,e
974,92_14545.html,33,31,は,助詞,ハ,a
975,92_14545.html,33,32,出,動詞,デ,e
976,92_14545.html,33,33,られ,動詞,ラレ,ae
977,92_14545.html,33,34,ませ,助動詞,マセ,ae
978,92_14545.html,33,35,ん,助動詞,ン,n
979,92_14545.html,33,36,。,記号,。,
980,92_14545.html,34,1,やや,副詞,ヤヤ,aa
981,92_14545.html,34,2,しばらく,副詞,シバラク,iaau
982,92_14545.html,34,3,のぼる,動詞,ノボル,noou
983,92_14545.html,34,4,中,名詞,ナカ,naa
984,92_14545.html,34,5,に,助詞,ニ,ni
985,92_14545.html,34,6,、,記号,、,
986,92_14545.html,34,7,とうとう,副詞,トウトウ,ouou
987,92_14545.html,34,8,陀多,名詞,陀多,aa
988,92_14545.html,34,9,も,助詞,モ,o
989,92_14545.html,34,10,くたびれ,動詞,クタビレ,uaie
990,92_14545.html,34,11,て,助詞,テ,e
991,92_14545.html,34,12,、,記号,、,
992,92_14545.html,34,13,もう,副詞,モウ,ou
993,92_14545.html,34,14,一,名詞,イチ,ii
994,92_14545.html,34,15,たぐり,動詞,タグリ,aui
995,92_14545.html,34,16,も,助詞,モ,o
996,92_14545.html,34,17,上,名詞,ウエ,ue
997,92_14545.html,34,18,の,助詞,ノ,no
998,92_14545.html,34,19,方,名詞,ホウ,ou
999,92_14545.html,34,20,へ,助詞,ヘ,e
1000,92_14545.html,34,21,は,助詞,ハ,a
1001,92_14545.html,34,22,のぼれ,動詞,ノボレ,nooe
1002,92_14545.html,34,23,なく,助動詞,ナク,nau
1003,92_14545.html,34,24,なっ,動詞,ナッ,nau
1004,92_14545.html,34,25,て,助詞,テ,e
1005,92_14545.html,34,26,しまい,動詞,シマイ,iai
1006,92_14545.html,34,27,まし,助動詞,マシ,ai
1007,92_14545.html,34,28,た,助動詞,タ,a
1008,92_14545.html,34,29,。,記号,。,
1009,92_14545.html,35,1,そこで,接続詞,ソコデ,ooe
1010,92_14545.html,35,2,仕方,名詞,シカタ,iaa
1011,92_14545.html,35,3,が,助詞,ガ,a
1012,92_14545.html,35,4,ござい,動詞,ゴザイ,oai
1013,92_14545.html,35,5,ませ,助動詞,マセ,ae
1014,92_14545.html,35,6,ん,助動詞,ン,n
1015,92_14545.html,35,7,から,助詞,カラ,aa
1016,92_14545.html,35,8,、,記号,、,
1017,92_14545.html,35,9,まず,副詞,マズ,au
1018,92_14545.html,35,10,一休み,名詞,ヒトヤスミ,ioaui
1019,92_14545.html,35,11,休む,動詞,ヤスム,auu
1020,92_14545.html,35,12,つもり,名詞,ツモリ,uoi
1021,92_14545.html,35,13,で,助動詞,デ,e
1022,92_14545.html,35,14,、,記号,、,
1023,92_14545.html,35,15,糸,名詞,イト,io
1024,92_14545.html,35,16,の,助詞,ノ,no
1025,92_14545.html,35,17,中途,名詞,チュウト,uuo
1026,92_14545.html,35,18,に,助詞,ニ,ni
1027,92_14545.html,35,19,ぶら,動詞,ブラ,ua
1028,92_14545.html,35,20,下り,動詞,オリ,oi
1029,92_14545.html,35,21,ながら,助詞,ナガラ,naaa
1030,92_14545.html,35,22,、,記号,、,
1031,92_14545.html,35,23,遥か,名詞,ハルカ,aua
1032,92_14545.html,35,24,に,助詞,ニ,ni
1033,92_14545.html,35,25,目の下,名詞,メノシタ,enoia
1034,92_14545.html,35,26,を,助詞,ヲ,o
1035,92_14545.html,35,27,見下し,動詞,ミクダシ,iuai
1036,92_14545.html,35,28,まし,助動詞,マシ,ai
1037,92_14545.html,35,29,た,助動詞,タ,a
1038,92_14545.html,35,30,。,記号,。,
1039,92_14545.html,36,1,すると,接続詞,スルト,uuo
1040,92_14545.html,36,2,、,記号,、,
1041,92_14545.html,36,3,一生懸命,名詞,イッショウケンメイ,iouenei
1042,92_14545.html,36,4,に,助詞,ニ,ni
1043,92_14545.html,36,5,のぼっ,動詞,ノボッ,noou
1044,92_14545.html,36,6,た,助動詞,タ,a
1045,92_14545.html,36,7,甲斐,名詞,カイ,ai
1046,92_14545.html,36,8,が,助詞,ガ,a
1047,92_14545.html,36,9,あっ,動詞,アッ,au
1048,92_14545.html,36,10,て,助詞,テ,e
1049,92_14545.html,36,11,、,記号,、,
1050,92_14545.html,36,12,さっき,名詞,サッキ,ai
1051,92_14545.html,36,13,まで,助詞,マデ,ae
1052,92_14545.html,36,14,自分,名詞,ジブン,iun
1053,92_14545.html,36,15,が,助詞,ガ,a
1054,92_14545.html,36,16,い,動詞,イ,i
1055,92_14545.html,36,17,た,助動詞,タ,a
1056,92_14545.html,36,18,血の池,名詞,チノイケ,inoie
1057,92_14545.html,36,19,は,助詞,ハ,a
1058,92_14545.html,36,20,、,記号,、,
1059,92_14545.html,36,21,今,名詞,イマ,ia
1060,92_14545.html,36,22,で,助詞,デ,e
1061,92_14545.html,36,23,は,助詞,ハ,a
1062,92_14545.html,36,24,もう,副詞,モウ,ou
1063,92_14545.html,36,25,暗,形容詞,クラ,ua
1064,92_14545.html,36,26,の,助詞,ノ,no
1065,92_14545.html,36,27,底,名詞,ソコ,oo
1066,92_14545.html,36,28,に,助詞,ニ,ni
1067,92_14545.html,36,29,いつの間にか,副詞,イツノマニカ,iunoania
1068,92_14545.html,36,30,かくれ,動詞,カクレ,aue
1069,92_14545.html,36,31,て,助詞,テ,e
1070,92_14545.html,36,32,居り,動詞,オリ,oi
1071,92_14545.html,36,33,ます,助動詞,マス,au
1072,92_14545.html,36,34,。,記号,。,
1073,92_14545.html,37,1,それから,接続詞,ソレカラ,oeaa
1074,92_14545.html,37,2,あの,フィラー,アノ,ano
1075,92_14545.html,37,3,ぼんやり,副詞,ボンヤリ,onai
1076,92_14545.html,37,4,光っ,動詞,ヒカッ,iau
1077,92_14545.html,37,5,て,助詞,テ,e
1078,92_14545.html,37,6,いる,動詞,イル,iu
1079,92_14545.html,37,7,恐し,形容詞,コワシ,oai
1080,92_14545.html,37,8,い,動詞,イ,i
1081,92_14545.html,37,9,針,名詞,ハリ,ai
1082,92_14545.html,37,10,の,助詞,ノ,no
1083,92_14545.html,37,11,山,名詞,ヤマ,aa
1084,92_14545.html,37,12,も,助詞,モ,o
1085,92_14545.html,37,13,、,記号,、,
1086,92_14545.html,37,14,足,名詞,アシ,ai
1087,92_14545.html,37,15,の,助詞,ノ,no
1088,92_14545.html,37,16,下,名詞,シタ,ia
1089,92_14545.html,37,17,に,助詞,ニ,ni
1090,92_14545.html,37,18,なっ,動詞,ナッ,nau
1091,92_14545.html,37,19,て,助詞,テ,e
1092,92_14545.html,37,20,しまい,動詞,シマイ,iai
1093,92_14545.html,37,21,まし,助動詞,マシ,ai
1094,92_14545.html,37,22,た,助動詞,タ,a
1095,92_14545.html,37,23,。,記号,。,
1096,92_14545.html,38,1,この分,名詞,コノブン,onoun
1097,92_14545.html,38,2,で,助詞,デ,e
1098,92_14545.html,38,3,のぼっ,動詞,ノボッ,noou
1099,92_14545.html,38,4,て,助詞,テ,e
1100,92_14545.html,38,5,行け,動詞,イケ,ie
1101,92_14545.html,38,6,ば,助詞,バ,a
1102,92_14545.html,38,7,、,記号,、,
1103,92_14545.html,38,8,地獄,名詞,ジゴク,iou
1104,92_14545.html,38,9,から,助詞,カラ,aa
1105,92_14545.html,38,10,ぬけ,動詞,ヌケ,nue
1106,92_14545.html,38,11,出す,動詞,ダス,au
1107,92_14545.html,38,12,の,名詞,ノ,no
1108,92_14545.html,38,13,も,助詞,モ,o
1109,92_14545.html,38,14,、,記号,、,
1110,92_14545.html,38,15,存外,名詞,ゾンガイ,onai
1111,92_14545.html,38,16,わけ,名詞,ワケ,ae
1112,92_14545.html,38,17,が,助詞,ガ,a
1113,92_14545.html,38,18,ない,形容詞,ナイ,nai
1114,92_14545.html,38,19,かも,助詞,カモ,ao
1115,92_14545.html,38,20,知れ,動詞,シレ,ie
1116,92_14545.html,38,21,ませ,助動詞,マセ,ae
1117,92_14545.html,38,22,ん,助動詞,ン,n
1118,92_14545.html,38,23,。,記号,。,
1119,92_14545.html,39,1,陀多,名詞,陀多,aa
1120,92_14545.html,39,2,は,助詞,ハ,a
1121,92_14545.html,39,3,両手,名詞,リョウテ,oue
1122,92_14545.html,39,4,を,助詞,ヲ,o
1123,92_14545.html,39,5,蜘蛛,名詞,クモ,uo
1124,92_14545.html,39,6,の,助詞,ノ,no
1125,92_14545.html,39,7,糸,名詞,イト,io
1126,92_14545.html,39,8,に,助詞,ニ,ni
1127,92_14545.html,39,9,からみ,動詞,カラミ,aai
1128,92_14545.html,39,10,ながら,助詞,ナガラ,naaa
1129,92_14545.html,39,11,、,記号,、,
1130,92_14545.html,39,12,ここ,名詞,ココ,oo
1131,92_14545.html,39,13,へ,助詞,ヘ,e
1132,92_14545.html,39,14,来,動詞,キ,i
1133,92_14545.html,39,15,て,助詞,テ,e
1134,92_14545.html,39,16,から,助詞,カラ,aa
1135,92_14545.html,39,17,何,名詞,ナン,nan
1136,92_14545.html,39,18,年,名詞,ネン,nen
1137,92_14545.html,39,19,に,助詞,ニ,ni
1138,92_14545.html,39,20,も,助詞,モ,o
1139,92_14545.html,39,21,出し,動詞,ダシ,ai
1140,92_14545.html,39,22,た,助動詞,タ,a
1141,92_14545.html,39,23,事,名詞,コト,oo
1142,92_14545.html,39,24,の,助詞,ノ,no
1143,92_14545.html,39,25,ない,形容詞,ナイ,nai
1144,92_14545.html,39,26,声,名詞,コエ,oe
1145,92_14545.html,39,27,で,助詞,デ,e
1146,92_14545.html,39,28,、,記号,、,
1147,92_14545.html,40,1,「,記号,「,
1148,92_14545.html,40,2,しめ,動詞,シメ,ie
1149,92_14545.html,40,3,た,助動詞,タ,a
1150,92_14545.html,40,4,。,記号,。,
1151,92_14545.html,41,1,しめ,動詞,シメ,ie
1152,92_14545.html,41,2,た,助動詞,タ,a
1153,92_14545.html,41,3,。,記号,。,
1154,92_14545.html,41,4,」,記号,」,
1155,92_14545.html,42,1,と,助詞,ト,o
1156,92_14545.html,42,2,笑い,動詞,ワライ,aai
1157,92_14545.html,42,3,まし,助動詞,マシ,ai
1158,92_14545.html,42,4,た,助動詞,タ,a
1159,92_14545.html,42,5,。,記号,。,
1160,92_14545.html,43,1,ところが,接続詞,トコロガ,oooa
1161,92_14545.html,43,2,ふと,副詞,フト,uo
1162,92_14545.html,43,3,気がつき,動詞,キガツキ,iaui
1163,92_14545.html,43,4,ます,助動詞,マス,au
1164,92_14545.html,43,5,と,助詞,ト,o
1165,92_14545.html,43,6,、,記号,、,
1166,92_14545.html,43,7,蜘蛛,名詞,クモ,uo
1167,92_14545.html,43,8,の,助詞,ノ,no
1168,92_14545.html,43,9,糸,名詞,イト,io
1169,92_14545.html,43,10,の,助詞,ノ,no
1170,92_14545.html,43,11,下,名詞,シタ,ia
1171,92_14545.html,43,12,の,助詞,ノ,no
1172,92_14545.html,43,13,方,名詞,ホウ,ou
1173,92_14545.html,43,14,に,助詞,ニ,ni
1174,92_14545.html,43,15,は,助詞,ハ,a
1175,92_14545.html,43,16,、,記号,、,
1176,92_14545.html,43,17,数,名詞,スウ,uu
1177,92_14545.html,43,18,限,名詞,ゲン,en
1178,92_14545.html,43,19,も,助詞,モ,o
1179,92_14545.html,43,20,ない,形容詞,ナイ,nai
1180,92_14545.html,43,21,罪人,名詞,ザイニン,ainin
1181,92_14545.html,43,22,たち,名詞,タチ,ai
1182,92_14545.html,43,23,が,助詞,ガ,a
1183,92_14545.html,43,24,、,記号,、,
1184,92_14545.html,43,25,自分,名詞,ジブン,iun
1185,92_14545.html,43,26,の,助詞,ノ,no
1186,92_14545.html,43,27,のぼっ,動詞,ノボッ,noou
1187,92_14545.html,43,28,た,助動詞,タ,a
1188,92_14545.html,43,29,後,名詞,ノチ,noi
1189,92_14545.html,43,30,を,助詞,ヲ,o
1190,92_14545.html,43,31,つけ,動詞,ツケ,ue
1191,92_14545.html,43,32,て,助詞,テ,e
1192,92_14545.html,43,33,、,記号,、,
1193,92_14545.html,43,34,まるで,副詞,マルデ,aue
1194,92_14545.html,43,35,蟻,名詞,アリ,ai
1195,92_14545.html,43,36,の,助詞,ノ,no
1196,92_14545.html,43,37,行列,名詞,ギョウレツ,oueu
1197,92_14545.html,43,38,の,助詞,ノ,no
1198,92_14545.html,43,39,よう,名詞,ヨウ,ou
1199,92_14545.html,43,40,に,助詞,ニ,ni
1200,92_14545.html,43,41,、,記号,、,
1201,92_14545.html,43,42,やはり,副詞,ヤハリ,aai
1202,92_14545.html,43,43,上,名詞,ウエ,ue
1203,92_14545.html,43,44,へ,助詞,ヘ,e
1204,92_14545.html,43,45,上,名詞,ウエ,ue
1205,92_14545.html,43,46,へ,助詞,ヘ,e
1206,92_14545.html,43,47,一心,名詞,イッシン,iin
1207,92_14545.html,43,48,に,助詞,ニ,ni
1208,92_14545.html,43,49,よじのぼっ,動詞,ヨジノボッ,oinoou
1209,92_14545.html,43,50,て,助詞,テ,e
1210,92_14545.html,43,51,来る,動詞,クル,uu
1211,92_14545.html,43,52,で,助動詞,デ,e
1212,92_14545.html,43,53,は,助詞,ハ,a
1213,92_14545.html,43,54,ござい,助動詞,ゴザイ,oai
1214,92_14545.html,43,55,ませ,助動詞,マセ,ae
1215,92_14545.html,43,56,ん,助動詞,ン,n
1216,92_14545.html,43,57,か,助詞,カ,a
1217,92_14545.html,43,58,。,記号,。,
1218,92_14545.html,44,1,陀多,名詞,陀多,aa
1219,92_14545.html,44,2,は,助詞,ハ,a
1220,92_14545.html,44,3,これ,名詞,コレ,oe
1221,92_14545.html,44,4,を,助詞,ヲ,o
1222,92_14545.html,44,5,見る,動詞,ミル,iu
1223,92_14545.html,44,6,と,助詞,ト,o
1224,92_14545.html,44,7,、,記号,、,
1225,92_14545.html,44,8,驚い,動詞,オドロイ,oooi
1226,92_14545.html,44,9,た,助動詞,タ,a
1227,92_14545.html,44,10,の,名詞,ノ,no
1228,92_14545.html,44,11,と,助詞,ト,o
1229,92_14545.html,44,12,恐し,形容詞,コワシ,oai
1230,92_14545.html,44,13,いの,動詞,イノ,ino
1231,92_14545.html,44,14,と,助詞,ト,o
1232,92_14545.html,44,15,で,助動詞,デ,e
1233,92_14545.html,44,16,、,記号,、,
1234,92_14545.html,44,17,しばらく,副詞,シバラク,iaau
1235,92_14545.html,44,18,は,助詞,ハ,a
1236,92_14545.html,44,19,ただ,接続詞,タダ,aa
1237,92_14545.html,44,20,、,記号,、,
1238,92_14545.html,44,21,莫迦,名詞,バカ,aa
1239,92_14545.html,44,22,の,助詞,ノ,no
1240,92_14545.html,44,23,よう,名詞,ヨウ,ou
1241,92_14545.html,44,24,に,助詞,ニ,ni
1242,92_14545.html,44,25,大きな,連体詞,オオキナ,ooina
1243,92_14545.html,44,26,口,名詞,クチ,ui
1244,92_14545.html,44,27,を,助詞,ヲ,o
1245,92_14545.html,44,28,開い,動詞,ヒライ,iai
1246,92_14545.html,44,29,た,助動詞,タ,a
1247,92_14545.html,44,30,まま,名詞,ママ,aa
1248,92_14545.html,44,31,、,記号,、,
1249,92_14545.html,44,32,眼,名詞,メ,e
1250,92_14545.html,44,33,ばかり,助詞,バカリ,aai
1251,92_14545.html,44,34,動かし,動詞,ウゴカシ,uoai
1252,92_14545.html,44,35,て,助詞,テ,e
1253,92_14545.html,44,36,居り,動詞,オリ,oi
1254,92_14545.html,44,37,まし,助動詞,マシ,ai
1255,92_14545.html,44,38,た,助動詞,タ,a
1256,92_14545.html,44,39,。,記号,。,
1257,92_14545.html,45,1,自分,名詞,ジブン,iun
1258,92_14545.html,45,2,一,名詞,イチ,ii
1259,92_14545.html,45,3,人,名詞,ニン,nin
1260,92_14545.html,45,4,で,助動詞,デ,e
1261,92_14545.html,45,5,さえ,助詞,サエ,ae
1262,92_14545.html,45,6,断れ,動詞,コトワレ,ooae
1263,92_14545.html,45,7,そう,名詞,ソウ,ou
1264,92_14545.html,45,8,な,助動詞,ナ,na
1265,92_14545.html,45,9,、,記号,、,
1266,92_14545.html,45,10,この,連体詞,コノ,ono
1267,92_14545.html,45,11,細い,形容詞,ホソイ,ooi
1268,92_14545.html,45,12,蜘蛛,名詞,クモ,uo
1269,92_14545.html,45,13,の,助詞,ノ,no
1270,92_14545.html,45,14,糸,名詞,イト,io
1271,92_14545.html,45,15,が,助詞,ガ,a
1272,92_14545.html,45,16,、,記号,、,
1273,92_14545.html,45,17,どうして,副詞,ドウシテ,ouie
1274,92_14545.html,45,18,あれ,名詞,アレ,ae
1275,92_14545.html,45,19,だけ,助詞,ダケ,ae
1276,92_14545.html,45,20,の,助詞,ノ,no
1277,92_14545.html,45,21,人数,名詞,ニンズウ,ninuu
1278,92_14545.html,45,22,の,助詞,ノ,no
1279,92_14545.html,45,23,重み,名詞,オモミ,ooi
1280,92_14545.html,45,24,に,助詞,ニ,ni
1281,92_14545.html,45,25,堪える,動詞,コタエル,oaeu
1282,92_14545.html,45,26,事,名詞,コト,oo
1283,92_14545.html,45,27,が,助詞,ガ,a
1284,92_14545.html,45,28,出来,動詞,デキ,ei
1285,92_14545.html,45,29,ましょ,助動詞,マショ,ao
1286,92_14545.html,45,30,う,助動詞,ウ,u
1287,92_14545.html,45,31,。,記号,。,
1288,92_14545.html,46,1,もし,副詞,モシ,oi
1289,92_14545.html,46,2,万,名詞,マン,an
1290,92_14545.html,46,3,一,名詞,イチ,ii
1291,92_14545.html,46,4,途中,名詞,トチュウ,ouu
1292,92_14545.html,46,5,で,助詞,デ,e
1293,92_14545.html,46,6,断れ,動詞,コトワレ,ooae
1294,92_14545.html,46,7,た,助動詞,タ,a
1295,92_14545.html,46,8,と,助詞,ト,o
1296,92_14545.html,46,9,致し,動詞,イタシ,iai
1297,92_14545.html,46,10,まし,助動詞,マシ,ai
1298,92_14545.html,46,11,たら,助動詞,タラ,aa
1299,92_14545.html,46,12,、,記号,、,
1300,92_14545.html,46,13,折角,副詞,セッカク,eau
1301,92_14545.html,46,14,ここ,名詞,ココ,oo
1302,92_14545.html,46,15,へ,助詞,ヘ,e
1303,92_14545.html,46,16,まで,助詞,マデ,ae
1304,92_14545.html,46,17,のぼっ,動詞,ノボッ,noou
1305,92_14545.html,46,18,て,助詞,テ,e
1306,92_14545.html,46,19,来,動詞,キ,i
1307,92_14545.html,46,20,た,助動詞,タ,a
1308,92_14545.html,46,21,この,連体詞,コノ,ono
1309,92_14545.html,46,22,肝腎,名詞,カンジン,anin
1310,92_14545.html,46,23,な,助動詞,ナ,na
1311,92_14545.html,46,24,自分,名詞,ジブン,iun
1312,92_14545.html,46,25,まで,助詞,マデ,ae
1313,92_14545.html,46,26,も,助詞,モ,o
1314,92_14545.html,46,27,、,記号,、,
1315,92_14545.html,46,28,元,名詞,モト,oo
1316,92_14545.html,46,29,の,助詞,ノ,no
1317,92_14545.html,46,30,地獄,名詞,ジゴク,iou
1318,92_14545.html,46,31,へ,助詞,ヘ,e
1319,92_14545.html,46,32,逆落し,名詞,サカオトシ,aaooi
1320,92_14545.html,46,33,に,助詞,ニ,ni
1321,92_14545.html,46,34,落ち,動詞,オチ,oi
1322,92_14545.html,46,35,て,助詞,テ,e
1323,92_14545.html,46,36,しまわ,動詞,シマワ,iaa
1324,92_14545.html,46,37,なけれ,助動詞,ナケレ,naee
1325,92_14545.html,46,38,ば,助詞,バ,a
1326,92_14545.html,46,39,なり,動詞,ナリ,nai
1327,92_14545.html,46,40,ませ,助動詞,マセ,ae
1328,92_14545.html,46,41,ん,助動詞,ン,n
1329,92_14545.html,46,42,。,記号,。,
1330,92_14545.html,47,1,そんな,連体詞,ソンナ,onna
1331,92_14545.html,47,2,事,名詞,コト,oo
1332,92_14545.html,47,3,が,助詞,ガ,a
1333,92_14545.html,47,4,あっ,動詞,アッ,au
1334,92_14545.html,47,5,たら,助動詞,タラ,aa
1335,92_14545.html,47,6,、,記号,、,
1336,92_14545.html,47,7,大変,名詞,タイヘン,aien
1337,92_14545.html,47,8,で,助動詞,デ,e
1338,92_14545.html,47,9,ござい,助動詞,ゴザイ,oai
1339,92_14545.html,47,10,ます,助動詞,マス,au
1340,92_14545.html,47,11,。,記号,。,
1341,92_14545.html,48,1,が,接続詞,ガ,a
1342,92_14545.html,48,2,、,記号,、,
1343,92_14545.html,48,3,そう,副詞,ソウ,ou
1344,92_14545.html,48,4,云う,動詞,イウ,iu
1345,92_14545.html,48,5,中,名詞,ナカ,naa
1346,92_14545.html,48,6,に,助詞,ニ,ni
1347,92_14545.html,48,7,も,助詞,モ,o
1348,92_14545.html,48,8,、,記号,、,
1349,92_14545.html,48,9,罪人,名詞,ザイニン,ainin
1350,92_14545.html,48,10,たち,名詞,タチ,ai
1351,92_14545.html,48,11,は,助詞,ハ,a
1352,92_14545.html,48,12,何,名詞,ナニ,nani
1353,92_14545.html,48,13,百,名詞,ヒャク,au
1354,92_14545.html,48,14,と,助詞,ト,o
1355,92_14545.html,48,15,なく,形容詞,ナク,nau
1356,92_14545.html,48,16,何,名詞,ナン,nan
1357,92_14545.html,48,17,千,名詞,セン,en
1358,92_14545.html,48,18,と,助詞,ト,o
1359,92_14545.html,48,19,なく,形容詞,ナク,nau
1360,92_14545.html,48,20,、,記号,、,
1361,92_14545.html,48,21,まっ暗,名詞,マックラ,aua
1362,92_14545.html,48,22,な,助動詞,ナ,na
1363,92_14545.html,48,23,血の池,名詞,チノイケ,inoie
1364,92_14545.html,48,24,の,助詞,ノ,no
1365,92_14545.html,48,25,底,名詞,ソコ,oo
1366,92_14545.html,48,26,から,助詞,カラ,aa
1367,92_14545.html,48,27,、,記号,、,
1368,92_14545.html,48,28,うようよ,副詞,ウヨウヨ,uouo
1369,92_14545.html,48,29,と,助詞,ト,o
1370,92_14545.html,48,30,這い,動詞,ハイ,ai
1371,92_14545.html,48,31,上っ,動詞,ノボッ,noou
1372,92_14545.html,48,32,て,助詞,テ,e
1373,92_14545.html,48,33,、,記号,、,
1374,92_14545.html,48,34,細く,形容詞,ホソク,oou
1375,92_14545.html,48,35,光っ,動詞,ヒカッ,iau
1376,92_14545.html,48,36,て,助詞,テ,e
1377,92_14545.html,48,37,いる,動詞,イル,iu
1378,92_14545.html,48,38,蜘蛛,名詞,クモ,uo
1379,92_14545.html,48,39,の,助詞,ノ,no
1380,92_14545.html,48,40,糸,名詞,イト,io
1381,92_14545.html,48,41,を,助詞,ヲ,o
1382,92_14545.html,48,42,、,記号,、,
1383,92_14545.html,48,43,一,名詞,イチ,ii
1384,92_14545.html,48,44,列,名詞,レツ,eu
1385,92_14545.html,48,45,に,助詞,ニ,ni
1386,92_14545.html,48,46,なり,動詞,ナリ,nai
1387,92_14545.html,48,47,ながら,助詞,ナガラ,naaa
1388,92_14545.html,48,48,、,記号,、,
1389,92_14545.html,48,49,せっせと,副詞,セッセト,eeo
1390,92_14545.html,48,50,のぼっ,動詞,ノボッ,noou
1391,92_14545.html,48,51,て,助詞,テ,e
1392,92_14545.html,48,52,参り,動詞,マイリ,aii
1393,92_14545.html,48,53,ます,助動詞,マス,au
1394,92_14545.html,48,54,。,記号,。,
1395,92_14545.html,49,1,今,名詞,イマ,ia
1396,92_14545.html,49,2,の,助詞,ノ,no
1397,92_14545.html,49,3,中,名詞,ナカ,naa
1398,92_14545.html,49,4,に,助詞,ニ,ni
1399,92_14545.html,49,5,どうか,副詞,ドウカ,oua
1400,92_14545.html,49,6,し,動詞,シ,i
1401,92_14545.html,49,7,なけれ,助動詞,ナケレ,naee
1402,92_14545.html,49,8,ば,助詞,バ,a
1403,92_14545.html,49,9,、,記号,、,
1404,92_14545.html,49,10,糸,名詞,イト,io
1405,92_14545.html,49,11,は,助詞,ハ,a
1406,92_14545.html,49,12,まん中,名詞,マンナカ,annaa
1407,92_14545.html,49,13,から,助詞,カラ,aa
1408,92_14545.html,49,14,二つ,名詞,フタツ,uau
1409,92_14545.html,49,15,に,助詞,ニ,ni
1410,92_14545.html,49,16,断れ,動詞,コトワレ,ooae
1411,92_14545.html,49,17,て,助詞,テ,e
1412,92_14545.html,49,18,、,記号,、,
1413,92_14545.html,49,19,落ち,動詞,オチ,oi
1414,92_14545.html,49,20,て,助詞,テ,e
1415,92_14545.html,49,21,しまう,動詞,シマウ,iau
1416,92_14545.html,49,22,のに,助詞,ノニ,noni
1417,92_14545.html,49,23,違い,名詞,チガイ,iai
1418,92_14545.html,49,24,あり,動詞,アリ,ai
1419,92_14545.html,49,25,ませ,助動詞,マセ,ae
1420,92_14545.html,49,26,ん,助動詞,ン,n
1421,92_14545.html,49,27,。,記号,。,
1422,92_14545.html,50,1,そこで,接続詞,ソコデ,ooe
1423,92_14545.html,50,2,陀多,名詞,陀多,aa
1424,92_14545.html,50,3,は,助詞,ハ,a
1425,92_14545.html,50,4,大きな,連体詞,オオキナ,ooina
1426,92_14545.html,50,5,声,名詞,コエ,oe
1427,92_14545.html,50,6,を,助詞,ヲ,o
1428,92_14545.html,50,7,出し,動詞,ダシ,ai
1429,92_14545.html,50,8,て,助詞,テ,e
1430,92_14545.html,50,9,、,記号,、,
1431,92_14545.html,51,1,「,記号,「,
1432,92_14545.html,51,2,こら,感動詞,コラ,oa
1433,92_14545.html,51,3,、,記号,、,
1434,92_14545.html,51,4,罪人,名詞,ザイニン,ainin
1435,92_14545.html,51,5,ども,名詞,ドモ,oo
1436,92_14545.html,51,6,。,記号,。,
1437,92_14545.html,52,1,この,連体詞,コノ,ono
1438,92_14545.html,52,2,蜘蛛,名詞,クモ,uo
1439,92_14545.html,52,3,の,助詞,ノ,no
1440,92_14545.html,52,4,糸,名詞,イト,io
1441,92_14545.html,52,5,は,助詞,ハ,a
1442,92_14545.html,52,6,己,名詞,オノレ,onoe
1443,92_14545.html,52,7,の,助詞,ノ,no
1444,92_14545.html,52,8,もの,名詞,モノ,ono
1445,92_14545.html,52,9,だ,助動詞,ダ,a
1446,92_14545.html,52,10,ぞ,助詞,ゾ,o
1447,92_14545.html,52,11,。,記号,。,
1448,92_14545.html,53,1,お前,名詞,オマエ,oae
1449,92_14545.html,53,2,たち,名詞,タチ,ai
1450,92_14545.html,53,3,は,助詞,ハ,a
1451,92_14545.html,53,4,一体,副詞,イッタイ,iai
1452,92_14545.html,53,5,誰,名詞,ダレ,ae
1453,92_14545.html,53,6,に,助詞,ニ,ni
1454,92_14545.html,53,7,尋,名詞,ヒロ,io
1455,92_14545.html,53,8,い,動詞,イ,i
1456,92_14545.html,53,9,て,助詞,テ,e
1457,92_14545.html,53,10,、,記号,、,
1458,92_14545.html,53,11,のぼっ,動詞,ノボッ,noou
1459,92_14545.html,53,12,て,助詞,テ,e
1460,92_14545.html,53,13,来,動詞,キ,i
1461,92_14545.html,53,14,た,助動詞,タ,a
1462,92_14545.html,53,15,。,記号,。,
1463,92_14545.html,54,1,下りろ,動詞,オリロ,oio
1464,92_14545.html,54,2,。,記号,。,
1465,92_14545.html,55,1,下りろ,動詞,オリロ,oio
1466,92_14545.html,55,2,。,記号,。,
1467,92_14545.html,55,3,」,記号,」,
1468,92_14545.html,56,1,と,助詞,ト,o
1469,92_14545.html,56,2,喚き,動詞,ワメキ,aei
1470,92_14545.html,56,3,まし,助動詞,マシ,ai
1471,92_14545.html,56,4,た,助動詞,タ,a
1472,92_14545.html,56,5,。,記号,。,
1473,92_14545.html,57,1,その,連体詞,ソノ,ono
1474,92_14545.html,57,2,途端,名詞,トタン,oan
1475,92_14545.html,57,3,で,助動詞,デ,e
1476,92_14545.html,57,4,ござい,助動詞,ゴザイ,oai
1477,92_14545.html,57,5,ます,助動詞,マス,au
1478,92_14545.html,57,6,。,記号,。,
1479,92_14545.html,58,1,今,名詞,イマ,ia
1480,92_14545.html,58,2,まで,助詞,マデ,ae
1481,92_14545.html,58,3,何とも,副詞,ナントモ,nanoo
1482,92_14545.html,58,4,なかっ,形容詞,ナカッ,naau
1483,92_14545.html,58,5,た,助動詞,タ,a
1484,92_14545.html,58,6,蜘蛛,名詞,クモ,uo
1485,92_14545.html,58,7,の,助詞,ノ,no
1486,92_14545.html,58,8,糸,名詞,イト,io
1487,92_14545.html,58,9,が,助詞,ガ,a
1488,92_14545.html,58,10,、,記号,、,
1489,92_14545.html,58,11,急,名詞,キュウ,iuu
1490,92_14545.html,58,12,に,助詞,ニ,ni
1491,92_14545.html,58,13,陀多,名詞,陀多,aa
1492,92_14545.html,58,14,の,助詞,ノ,no
1493,92_14545.html,58,15,ぶら,動詞,ブラ,ua
1494,92_14545.html,58,16,下っ,動詞,クダッ,uau
1495,92_14545.html,58,17,て,助詞,テ,e
1496,92_14545.html,58,18,いる,動詞,イル,iu
1497,92_14545.html,58,19,所,名詞,トコロ,ooo
1498,92_14545.html,58,20,から,助詞,カラ,aa
1499,92_14545.html,58,21,、,記号,、,
1500,92_14545.html,58,22,ぷつりと,名詞,ぷつりと,uuio
1501,92_14545.html,58,23,音,名詞,オン,on
1502,92_14545.html,58,24,を,助詞,ヲ,o
1503,92_14545.html,58,25,立て,動詞,タテ,ae
1504,92_14545.html,58,26,て,助詞,テ,e
1505,92_14545.html,58,27,断れ,動詞,コトワレ,ooae
1506,92_14545.html,58,28,まし,助動詞,マシ,ai
1507,92_14545.html,58,29,た,助動詞,タ,a
1508,92_14545.html,58,30,。,記号,。,
1509,92_14545.html,59,1,ですから,接続詞,デスカラ,euaa
1510,92_14545.html,59,2,陀多,名詞,陀多,aa
1511,92_14545.html,59,3,も,助詞,モ,o
1512,92_14545.html,59,4,たまり,動詞,タマリ,aai
1513,92_14545.html,59,5,ませ,助動詞,マセ,ae
1514,92_14545.html,59,6,ん,助動詞,ン,n
1515,92_14545.html,59,7,。,記号,。,
1516,92_14545.html,60,1,あっと,副詞,アット,ao
1517,92_14545.html,60,2,云う,動詞,イウ,iu
1518,92_14545.html,60,3,間もなく,副詞,マモナク,aonau
1519,92_14545.html,60,4,風,名詞,カゼ,ae
1520,92_14545.html,60,5,を,助詞,ヲ,o
1521,92_14545.html,60,6,切っ,動詞,キッ,iu
1522,92_14545.html,60,7,て,助詞,テ,e
1523,92_14545.html,60,8,、,記号,、,
1524,92_14545.html,60,9,独楽,名詞,コマ,oa
1525,92_14545.html,60,10,の,助詞,ノ,no
1526,92_14545.html,60,11,よう,名詞,ヨウ,ou
1527,92_14545.html,60,12,に,助詞,ニ,ni
1528,92_14545.html,60,13,くるくる,副詞,クルクル,uuuu
1529,92_14545.html,60,14,まわり,動詞,マワリ,aai
1530,92_14545.html,60,15,ながら,助詞,ナガラ,naaa
1531,92_14545.html,60,16,、,記号,、,
1532,92_14545.html,60,17,見る見る,副詞,ミルミル,iuiu
1533,92_14545.html,60,18,中に,副詞,ナカニ,naani
1534,92_14545.html,60,19,暗,形容詞,クラ,ua
1535,92_14545.html,60,20,の,助詞,ノ,no
1536,92_14545.html,60,21,底,名詞,ソコ,oo
1537,92_14545.html,60,22,へ,助詞,ヘ,e
1538,92_14545.html,60,23,、,記号,、,
1539,92_14545.html,60,24,まっさかさま,名詞,マッサカサマ,aaaaa
1540,92_14545.html,60,25,に,助詞,ニ,ni
1541,92_14545.html,60,26,落ち,動詞,オチ,oi
1542,92_14545.html,60,27,て,助詞,テ,e
1543,92_14545.html,60,28,しまい,動詞,シマイ,iai
1544,92_14545.html,60,29,まし,助動詞,マシ,ai
1545,92_14545.html,60,30,た,助動詞,タ,a
1546,92_14545.html,60,31,。,記号,。,
1547,92_14545.html,61,1,後,名詞,ゴ,o
1548,92_14545.html,61,2,に,助詞,ニ,ni
1549,92_14545.html,61,3,は,助詞,ハ,a
1550,92_14545.html,61,4,ただ,接続詞,タダ,aa
1551,92_14545.html,61,5,極楽,名詞,ゴクラク,ouau
1552,92_14545.html,61,6,の,助詞,ノ,no
1553,92_14545.html,61,7,蜘蛛,名詞,クモ,uo
1554,92_14545.html,61,8,の,助詞,ノ,no
1555,92_14545.html,61,9,糸,名詞,イト,io
1556,92_14545.html,61,10,が,助詞,ガ,a
1557,92_14545.html,61,11,、,記号,、,
1558,92_14545.html,61,12,きらきら,副詞,キラキラ,iaia
1559,92_14545.html,61,13,と,助詞,ト,o
1560,92_14545.html,61,14,細く,形容詞,ホソク,oou
1561,92_14545.html,61,15,光り,動詞,ヒカリ,iai
1562,92_14545.html,61,16,ながら,助詞,ナガラ,naaa
1563,92_14545.html,61,17,、,記号,、,
1564,92_14545.html,61,18,月,名詞,ツキ,ui
1565,92_14545.html,61,19,も,助詞,モ,o
1566,92_14545.html,61,20,星,名詞,ホシ,oi
1567,92_14545.html,61,21,も,助詞,モ,o
1568,92_14545.html,61,22,ない,形容詞,ナイ,nai
1569,92_14545.html,61,23,空,名詞,ソラ,oa
1570,92_14545.html,61,24,の,助詞,ノ,no
1571,92_14545.html,61,25,中途,名詞,チュウト,uuo
1572,92_14545.html,61,26,に,助詞,ニ,ni
1573,92_14545.html,61,27,、,記号,、,
1574,92_14545.html,61,28,短く,形容詞,ミジカク,iiau
1575,92_14545.html,61,29,垂れ,動詞,シダレ,iae
1576,92_14545.html,61,30,て,助詞,テ,e
1577,92_14545.html,61,31,いる,動詞,イル,iu
1578,92_14545.html,61,32,ばかり,助詞,バカリ,aai
1579,92_14545.html,61,33,で,助動詞,デ,e
1580,92_14545.html,61,34,ござい,助動詞,ゴザイ,oai
1581,92_14545.html,61,35,ます,助動詞,マス,au
1582,92_14545.html,61,36,。,記号,。,
1583,92_14545.html,62,1,三,名詞,サン,an
1584,92_14545.html,63,1,御釈迦様,名詞,オシャカサマ,oaaaa
1585,92_14545.html,63,2,は,助詞,ハ,a
1586,92_14545.html,63,3,極楽,名詞,ゴクラク,ouau
1587,92_14545.html,63,4,の,助詞,ノ,no
1588,92_14545.html,63,5,蓮池,名詞,ハスイケ,auie
1589,92_14545.html,63,6,の,助詞,ノ,no
1590,92_14545.html,63,7,ふち,名詞,フチ,ui
1591,92_14545.html,63,8,に,助詞,ニ,ni
1592,92_14545.html,63,9,立っ,動詞,タッ,au
1593,92_14545.html,63,10,て,助詞,テ,e
1594,92_14545.html,63,11,、,記号,、,
1595,92_14545.html,63,12,この,連体詞,コノ,ono
1596,92_14545.html,63,13,一部始終,名詞,イチブシジュウ,iiuiuu
1597,92_14545.html,63,14,を,助詞,ヲ,o
1598,92_14545.html,63,15,じっと,副詞,ジット,io
1599,92_14545.html,63,16,見,動詞,ミ,i
1600,92_14545.html,63,17,て,助詞,テ,e
1601,92_14545.html,63,18,いらっしゃい,動詞,イラッシャイ,iaai
1602,92_14545.html,63,19,まし,助動詞,マシ,ai
1603,92_14545.html,63,20,た,助動詞,タ,a
1604,92_14545.html,63,21,が,助詞,ガ,a
1605,92_14545.html,63,22,、,記号,、,
1606,92_14545.html,63,23,やがて,副詞,ヤガテ,aae
1607,92_14545.html,63,24,陀多,名詞,陀多,aa
1608,92_14545.html,63,25,が,助詞,ガ,a
1609,92_14545.html,63,26,血の池,名詞,チノイケ,inoie
1610,92_14545.html,63,27,の,助詞,ノ,no
1611,92_14545.html,63,28,底,名詞,ソコ,oo
1612,92_14545.html,63,29,へ,助詞,ヘ,e
1613,92_14545.html,63,30,石,名詞,イシ,ii
1614,92_14545.html,63,31,の,助詞,ノ,no
1615,92_14545.html,63,32,よう,名詞,ヨウ,ou
1616,92_14545.html,63,33,に,助詞,ニ,ni
1617,92_14545.html,63,34,沈ん,動詞,シズン,iun
1618,92_14545.html,63,35,で,助詞,デ,e
1619,92_14545.html,63,36,しまい,動詞,シマイ,iai
1620,92_14545.html,63,37,ます,助動詞,マス,au
1621,92_14545.html,63,38,と,助詞,ト,o
1622,92_14545.html,63,39,、,記号,、,
1623,92_14545.html,63,40,悲し,形容詞,カナシ,anai
1624,92_14545.html,63,41,そう,名詞,ソウ,ou
1625,92_14545.html,63,42,な,助動詞,ナ,na
1626,92_14545.html,63,43,御,接頭詞,ゴ,o
1627,92_14545.html,63,44,顔,名詞,カオ,ao
1628,92_14545.html,63,45,を,助詞,ヲ,o
1629,92_14545.html,63,46,なさ,動詞,ナサ,naa
1630,92_14545.html,63,47,り,助動詞,リ,i
1631,92_14545.html,63,48,ながら,助詞,ナガラ,naaa
1632,92_14545.html,63,49,、,記号,、,
1633,92_14545.html,63,50,また,接続詞,マタ,aa
1634,92_14545.html,63,51,ぶらぶら,副詞,ブラブラ,uaua
1635,92_14545.html,63,52,御,接頭詞,ゴ,o
1636,92_14545.html,63,53,歩き,名詞,アルキ,aui
1637,92_14545.html,63,54,に,助詞,ニ,ni
1638,92_14545.html,63,55,なり,動詞,ナリ,nai
1639,92_14545.html,63,56,始め,動詞,ハジメ,aie
1640,92_14545.html,63,57,まし,助動詞,マシ,ai
1641,92_14545.html,63,58,た,助動詞,タ,a
1642,92_14545.html,63,59,。,記号,。,
1643,92_14545.html,64,1,自分,名詞,ジブン,iun
1644,92_14545.html,64,2,ばかり,助詞,バカリ,aai
1645,92_14545.html,64,3,地獄,名詞,ジゴク,iou
1646,92_14545.html,64,4,から,助詞,カラ,aa
1647,92_14545.html,64,5,ぬけ,動詞,ヌケ,nue
1648,92_14545.html,64,6,出そ,動詞,ダソ,ao
1649,92_14545.html,64,7,う,助動詞,ウ,u
1650,92_14545.html,64,8,と,助詞,ト,o
1651,92_14545.html,64,9,する,動詞,スル,uu
1652,92_14545.html,64,10,、,記号,、,
1653,92_14545.html,64,11,陀多,名詞,陀多,aa
1654,92_14545.html,64,12,の,助詞,ノ,no
1655,92_14545.html,64,13,無慈悲,名詞,ムジヒ,uii
1656,92_14545.html,64,14,な,助動詞,ナ,na
1657,92_14545.html,64,15,心,名詞,ココロ,ooo
1658,92_14545.html,64,16,が,助詞,ガ,a
1659,92_14545.html,64,17,、,記号,、,
1660,92_14545.html,64,18,そうして,接続詞,ソウシテ,ouie
1661,92_14545.html,64,19,その,連体詞,ソノ,ono
1662,92_14545.html,64,20,心,名詞,ココロ,ooo
1663,92_14545.html,64,21,相当,名詞,ソウトウ,ouou
1664,92_14545.html,64,22,な,助動詞,ナ,na
1665,92_14545.html,64,23,罰,名詞,バッ,au
1666,92_14545.html,64,24,を,助詞,ヲ,o
1667,92_14545.html,64,25,うけ,動詞,ウケ,ue
1668,92_14545.html,64,26,て,助詞,テ,e
1669,92_14545.html,64,27,、,記号,、,
1670,92_14545.html,64,28,元,名詞,モト,oo
1671,92_14545.html,64,29,の,助詞,ノ,no
1672,92_14545.html,64,30,地獄,名詞,ジゴク,iou
1673,92_14545.html,64,31,へ,助詞,ヘ,e
1674,92_14545.html,64,32,落ち,動詞,オチ,oi
1675,92_14545.html,64,33,て,助詞,テ,e
1676,92_14545.html,64,34,しまっ,動詞,シマッ,iau
1677,92_14545.html,64,35,た,助動詞,タ,a
1678,92_14545.html,64,36,の,名詞,ノ,no
1679,92_14545.html,64,37,が,助詞,ガ,a
1680,92_14545.html,64,38,、,記号,、,
1681,92_14545.html,64,39,御釈迦様,名詞,オシャカサマ,oaaaa
1682,92_14545.html,64,40,の,助詞,ノ,no
1683,92_14545.html,64,41,御,接頭詞,ゴ,o
1684,92_14545.html,64,42,目,名詞,メ,e
1685,92_14545.html,64,43,から,助詞,カラ,aa
1686,92_14545.html,64,44,見る,動詞,ミル,iu
1687,92_14545.html,64,45,と,助詞,ト,o
1688,92_14545.html,64,46,、,記号,、,
1689,92_14545.html,64,47,浅間,名詞,アサマ,aaa
1690,92_14545.html,64,48,しく,動詞,シク,iu
1691,92_14545.html,64,49,思召さ,動詞,オボシメサ,ooiea
1692,92_14545.html,64,50,れ,動詞,レ,e
1693,92_14545.html,64,51,た,助動詞,タ,a
1694,92_14545.html,64,52,の,名詞,ノ,no
1695,92_14545.html,64,53,で,助動詞,デ,e
1696,92_14545.html,64,54,ござい,助動詞,ゴザイ,oai
1697,92_14545.html,64,55,ましょ,助動詞,マショ,ao
1698,92_14545.html,64,56,う,助動詞,ウ,u
1699,92_14545.html,64,57,。,記号,。,
1700,92_14545.html,65,1,しかし,接続詞,シカシ,iai
1701,92_14545.html,65,2,極楽,名詞,ゴクラク,ouau
1702,92_14545.html,65,3,の,助詞,ノ,no
1703,92_14545.html,65,4,蓮池,名詞,ハスイケ,auie
1704,92_14545.html,65,5,の,助詞,ノ,no
1705,92_14545.html,65,6,蓮,名詞,ハチス,aiu
1706,92_14545.html,65,7,は,助詞,ハ,a
1707,92_14545.html,65,8,、,記号,、,
1708,92_14545.html,65,9,少しも,副詞,スコシモ,uoio
1709,92_14545.html,65,10,そんな,連体詞,ソンナ,onna
1710,92_14545.html,65,11,事,名詞,コト,oo
1711,92_14545.html,65,12,に,助詞,ニ,ni
1712,92_14545.html,65,13,は,助詞,ハ,a
1713,92_14545.html,65,14,頓着,名詞,トンジャク,onau
1714,92_14545.html,65,15,致し,動詞,イタシ,iai
1715,92_14545.html,65,16,ませ,助動詞,マセ,ae
1716,92_14545.html,65,17,ん,助動詞,ン,n
1717,92_14545.html,65,18,。,記号,。,
1718,92_14545.html,66,1,その,連体詞,ソノ,ono
1719,92_14545.html,66,2,玉,名詞,タマ,aa
1720,92_14545.html,66,3,の,助詞,ノ,no
1721,92_14545.html,66,4,よう,名詞,ヨウ,ou
1722,92_14545.html,66,5,な,助動詞,ナ,na
1723,92_14545.html,66,6,白い,形容詞,シロイ,ioi
1724,92_14545.html,66,7,花,名詞,ハナ,ana
1725,92_14545.html,66,8,は,助詞,ハ,a
1726,92_14545.html,66,9,、,記号,、,
1727,92_14545.html,66,10,御釈迦様,名詞,オシャカサマ,oaaaa
1728,92_14545.html,66,11,の,助詞,ノ,no
1729,92_14545.html,66,12,御足,名詞,オアシ,oai
1730,92_14545.html,66,13,の,助詞,ノ,no
1731,92_14545.html,66,14,まわり,名詞,マワリ,aai
1732,92_14545.html,66,15,に,助詞,ニ,ni
1733,92_14545.html,66,16,、,記号,、,
1734,92_14545.html,66,17,ゆらゆら,副詞,ユラユラ,uaua
1735,92_14545.html,66,18,萼,名詞,ガク,au
1736,92_14545.html,66,19,を,助詞,ヲ,o
1737,92_14545.html,66,20,動かし,動詞,ウゴカシ,uoai
1738,92_14545.html,66,21,て,助詞,テ,e
1739,92_14545.html,66,22,、,記号,、,
1740,92_14545.html,66,23,その,連体詞,ソノ,ono
1741,92_14545.html,66,24,まん中,名詞,マンナカ,annaa
1742,92_14545.html,66,25,に,助詞,ニ,ni
1743,92_14545.html,66,26,ある,動詞,アル,au
1744,92_14545.html,66,27,金色,名詞,キンイロ,inio
1745,92_14545.html,66,28,の,助詞,ノ,no
1746,92_14545.html,66,29,蕊,名詞,シベ,ie
1747,92_14545.html,66,30,から,助詞,カラ,aa
1748,92_14545.html,66,31,は,助詞,ハ,a
1749,92_14545.html,66,32,、,記号,、,
1750,92_14545.html,66,33,何とも,副詞,ナントモ,nanoo
1751,92_14545.html,66,34,云え,動詞,イエ,ie
1752,92_14545.html,66,35,ない,形容詞,ナイ,nai
1753,92_14545.html,66,36,好い,形容詞,ヨイ,oi
1754,92_14545.html,66,37,匂,名詞,ニオイ,nioi
1755,92_14545.html,66,38,が,助詞,ガ,a
1756,92_14545.html,66,39,、,記号,、,
1757,92_14545.html,66,40,絶間,名詞,タエマ,aea
1758,92_14545.html,66,41,なく,形容詞,ナク,nau
1759,92_14545.html,66,42,あたり,名詞,アタリ,aai
1760,92_14545.html,66,43,へ,助詞,ヘ,e
1761,92_14545.html,66,44,溢れ,動詞,アフレ,aue
1762,92_14545.html,66,45,て,助詞,テ,e
1763,92_14545.html,66,46,居り,動詞,オリ,oi
1764,92_14545.html,66,47,ます,助動詞,マス,au
1765,92_14545.html,66,48,。,記号,。,
1766,92_14545.html,67,1,極楽,名詞,ゴクラク,ouau
1767,92_14545.html,67,2,も,助詞,モ,o
1768,92_14545.html,67,3,もう,副詞,モウ,ou
1769,92_14545.html,67,4,午,名詞,ウマ,ua
1770,92_14545.html,67,5,に,助詞,ニ,ni
1771,92_14545.html,67,6,近く,形容詞,チカク,iau
1772,92_14545.html,67,7,なっ,動詞,ナッ,nau
1773,92_14545.html,67,8,た,助動詞,タ,a
1774,92_14545.html,67,9,の,名詞,ノ,no
1775,92_14545.html,67,10,で,助動詞,デ,e
1776,92_14545.html,67,11,ござい,助動詞,ゴザイ,oai
1777,92_14545.html,67,12,ましょ,助動詞,マショ,ao
1778,92_14545.html,67,13,う,助動詞,ウ,u
1779,92_14545.html,67,14,。,記号,。,
1780,92_14545.html,68,1,（,記号,（,
1781,92_14545.html,68,2,大正,名詞,タイショウ,aiou
1782,92_14545.html,68,3,七,名詞,ナナ,nana
1783,92_14545.html,68,4,年,名詞,ネン,nen
1784,92_14545.html,68,5,四月,名詞,シガツ,iau
1785,92_14545.html,68,6,十,名詞,ジュウ,uu
1786,92_14545.html,68,7,六,名詞,ロク,ou
1787,92_14545.html,68,8,日,名詞,ニチ,nii
1788,92_14545.html,68,9,）,記号,）,
